SeriesHash,SubjectID,MagneticFieldStrength,MRAcquisitionType,PulseSequenceName,SliceThickness,EchoTime,RepetitionTime,FlipAngle,EchoTrainLength,ParallelReductionFactorInPlane,AcquisitionDuration,PixelBandwidth,ImageOrientationPatientDICOM,BidsGuess,NIfTIPath
3,MinMo-058,3.0,2D,*tse2d1_17,5.0,0.086,5.52,150,17.0,4.0,38.614,193,"[0.997347, 0.0514474, -0.0515017, -0.0552365, 0.995647, -0.0750764]","['anat', '_acq-tse2p4_run-3_T2w']",W:\MinMo_CI\niftis\Min-Mo-044-060\MinMo-058\3\DICOM\DICOM_ax_t2_tse_Med_DRS_480_20260413000000_3.nii.gz
2,MinMo-058,3.0,2D,*tse2d1_17,5.0,0.088,5.52,150,17.0,2.0,182.14,191,"[0.997342, 0.0515316, -0.051508, -0.0553209, 0.995642, -0.0750721]","['anat', '_acq-tse2p2_run-2_T2w']",W:\MinMo_CI\niftis\Min-Mo-044-060\MinMo-058\2\DICOM\DICOM_ax_t2_tse_20260413000000_2.nii.gz
9,MinMo-055,3.0,3D,*spcR_42ns,1.0,0.022,0.7,120,27.0,2.0,305.2,630,"[0.999292, 0, 0.0376187, -0.00491044, 0.991444, 0.13044]","['derived', '_acq-spcR4p2_run-9_T2w']",W:\MinMo_CI\niftis\Min-Mo-044-060\MinMo-055\9\DICOM\DICOM_t1_space_sag_MPR_Tra_20260403000000_9.nii.gz
8,MinMo-055,3.0,3D,*spcR_42ns,1.0,0.022,0.7,120,27.0,2.0,305.2,630,"[0.998018, -0.0627286, 0.00501126, 0.029006, 0.387892, -0.921248]","['derived', '_acq-spcR4p2_run-8_T2w']",W:\MinMo_CI\niftis\Min-Mo-044-060\MinMo-055\8\DICOM\DICOM_t1_space_sag_MPR_Cor_20260403000000_8.nii.gz
7,MinMo-055,3.0,3D,*spcR_42ns,3.0,0.022,0.7,120,27.0,2.0,305.2,630,"[0.996073, 0.0873655, 0.0143763, -0.0200655, 0.380885, -0.924405]","['derived', '_acq-spcR4p2_run-7_T2w']",W:\MinMo_CI\niftis\Min-Mo-044-060\MinMo-055\7\DICOM\DICOM_t1_space_sag_MPR_Cor3mm_20260403000000_7.nii.gz
6,MinMo-055,3.0,3D,*spcR_42ns,1.0,0.022,0.7,120,27.0,2.0,305.2,630,"[0.0742305, 0.984864, 0.156629, 0.0560179, 0.152696, -0.986684]","['anat', '_acq-spcR4p2_run-6_T2w']",W:\MinMo_CI\niftis\Min-Mo-044-060\MinMo-055\6\DICOM\DICOM_t1_space_sag_20260403000000_6.nii.gz
3,MinMo-055,3.0,2D,*tse2d1_17,5.0,0.086,5.77,150,17.0,4.0,40.369,193,"[0.999535, 0.0126644, 0.02774, -0.0174469, 0.983583, 0.17961]","['anat', '_acq-tse2p4_run-3_T2w']",W:\MinMo_CI\niftis\Min-Mo-044-060\MinMo-055\3\DICOM\DICOM_ax_t2_tse_Med_DRS_480_20260403000000_3.nii.gz
23,MinMo-055,3.0,3D,*spcR_42ns,1.0,0.022,0.7,120,27.0,2.0,305.2,630,"[0.998018, -0.0627286, 0.00501126, 0.029006, 0.387892, -0.921248]","['derived', '_acq-spcR4p2_run-23_T2w']",W:\MinMo_CI\niftis\Min-Mo-044-060\MinMo-055\23\DICOM\DICOM_sag_t1post_space_MPR_Cor_20260403000000_23.nii.gz
22,MinMo-055,3.0,3D,*spcR_42ns,1.0,0.022,0.7,120,27.0,2.0,305.2,630,"[0.999292, 0, 0.0376187, -0.00491044, 0.991444, 0.13044]","['derived', '_acq-spcR4p2_run-22_T2w']",W:\MinMo_CI\niftis\Min-Mo-044-060\MinMo-055\22\DICOM\DICOM_sag_t1post_space_MPR_Tra_20260403000000_22.nii.gz
21,MinMo-055,3.0,3D,*spcR_42ns,3.0,0.022,0.7,120,27.0,2.0,305.2,630,"[0.996073, 0.0873655, 0.0143763, -0.0200655, 0.380885, -0.924405]","['derived', '_acq-spcR4p2_run-21_T2w']",W:\MinMo_CI\niftis\Min-Mo-044-060\MinMo-055\21\DICOM\DICOM_sag_t1post_space_MPR_Cor3mm_20260403000000_21.nii.gz
20,MinMo-055,3.0,3D,*spcR_42ns,3.0,0.022,0.7,120,27.0,2.0,305.2,630,"[0.999804, 0, 0.0198055, -0.00224194, 0.993572, 0.113176]","['derived', '_acq-spcR4p2_run-20_T2w']",W:\MinMo_CI\niftis\Min-Mo-044-060\MinMo-055\20\DICOM\DICOM_sag_t1post_space_MPR_Ax3mm_20260403000000_20.nii.gz
2,MinMo-055,3.0,2D,*tse2d1_17,5.0,0.088,5.91,150,17.0,2.0,195.009,191,"[0.999535, 0.0126644, 0.02774, -0.0174469, 0.983583, 0.17961]","['anat', '_acq-tse2p2_run-2_T2w']",W:\MinMo_CI\niftis\Min-Mo-044-060\MinMo-055\2\DICOM\DICOM_ax_t2_tse_20260403000000_2.nii.gz
19,MinMo-055,3.0,3D,*spcR_42ns,1.0,0.022,0.7,120,27.0,2.0,305.2,630,"[0.0742305, 0.984864, 0.156629, 0.0560179, 0.152696, -0.986684]","['anat', '_acq-spcR4p2_run-19_T2w']",W:\MinMo_CI\niftis\Min-Mo-044-060\MinMo-055\19\DICOM\DICOM_sag_t1post_space_20260403000000_19.nii.gz
16,MinMo-055,3.0,2D,*tse2d1_17,5.0,0.088,6.36,150,17.0,2.0,89.017,191,"[0.998466, -0.0553684, -0.000657765, 0.0179358, 0.334631, -0.942178]","['anat', '_acq-tse2p2_run-16_T2w']",W:\MinMo_CI\niftis\Min-Mo-044-060\MinMo-055\16\DICOM\DICOM_cor_t2_tse_20260403000000_16.nii.gz
15,MinMo-055,3.0,3D,*swi3d1r,12.8,0.02,0.028,15,,2.0,,119,"[0.999535, 0.0126644, 0.02774, -0.0174469, 0.983583, 0.17961]","['derived', '_acq-swi3p2_run-15_part-mag_T2starw']",W:\MinMo_CI\niftis\Min-Mo-044-060\MinMo-055\15\DICOM\DICOM_ax_swi_ge3d_SWI_mIP_20260403000000_15.nii.gz
14,MinMo-055,3.0,3D,*swi3d1r,1.6,0.02,0.028,15,,2.0,245.645,119,"[0.999535, 0.0126644, 0.02774, -0.0174469, 0.983583, 0.17961]","['anat', '_acq-swi3p2_run-14_part-mag_T2starw']",W:\MinMo_CI\niftis\Min-Mo-044-060\MinMo-055\14\DICOM\DICOM_ax_swi_ge3d_SWI_20260403000000_14.nii.gz
13,MinMo-055,3.0,3D,*swi3d1r,1.6,0.02,0.028,15,,2.0,245.645,119,"[0.999535, 0.0126644, 0.02774, -0.0174469, 0.983583, 0.17961]","['anat', '_acq-swi3p2_run-13_part-phase_T2starw']",W:\MinMo_CI\niftis\Min-Mo-044-060\MinMo-055\13\DICOM\DICOM_ax_swi_ge3d_Pha_20260403000000_13_ph.nii.gz
12,MinMo-055,3.0,3D,*swi3d1r,1.6,0.02,0.028,15,,2.0,245.645,119,"[0.999535, 0.0126644, 0.02774, -0.0174469, 0.983583, 0.17961]","['anat', '_acq-swi3p2_run-12_part-mag_T2starw']",W:\MinMo_CI\niftis\Min-Mo-044-060\MinMo-055\12\DICOM\DICOM_ax_swi_ge3d_Mag_20260403000000_12.nii.gz
10,MinMo-055,3.0,3D,*spcR_42ns,3.0,0.022,0.7,120,27.0,2.0,305.2,630,"[0.999804, 0, 0.0198055, -0.00224194, 0.993572, 0.113176]","['derived', '_acq-spcR4p2_run-10_T2w']",W:\MinMo_CI\niftis\Min-Mo-044-060\MinMo-055\10\DICOM\DICOM_t1_space_sag_MPR_Ax3mm_20260403000000_10.nii.gz
3,MinMo-054,3.0,2D,*tse2d1_17,5.0,0.086,5.52,150,17.0,4.0,38.599,193,"[0.996419, 0.0644983, -0.054665, -0.0532665, 0.981002, 0.18654]","['anat', '_acq-tse2p4_run-3_T2w']",W:\MinMo_CI\niftis\Min-Mo-044-060\MinMo-054\3\DICOM\DICOM_ax_t2_tse_Med_DRS_480_20260324000000_3.nii.gz
2,MinMo-054,3.0,2D,*tse2d1_17,5.0,0.088,5.13,150,17.0,2.0,138.489,191,"[0.996417, 0.0645482, -0.0546555, -0.0533172, 0.980999, 0.186543]","['anat', '_acq-tse2p2_run-2_T2w']",W:\MinMo_CI\niftis\Min-Mo-044-060\MinMo-054\2\DICOM\DICOM_ax_t2_tse_20260324000000_2.nii.gz
2,MinMo-053,1.5,2D,*tse2d1_17,5.0,0.092,5.09,150,17.0,2.0,167.949,191,"[0.997303, -0.00501617, -0.0732164, 1.92713e-10, 0.997661, -0.0683513]","['anat', '_acq-tse2p2_run-2_T2w']",W:\MinMo_CI\niftis\Min-Mo-044-060\MinMo-053\2\DICOM\DICOM_ax_t2_tse_20260324000000_2.nii.gz
9,MinMo-051,3.0,3D,*spcR_42ns,1.0,0.022,0.6,120,27.0,2.0,261.6,630,"[0.994952, 0, -0.10035, -0.00329585, 0.999461, -0.0326777]","['derived', '_acq-spcR4p2_run-9_T2w']",W:\MinMo_CI\niftis\Min-Mo-044-060\MinMo-051\9\DICOM\DICOM_t1_space_sag_MPR_Tra_20260316000000_9.nii.gz
8,MinMo-051,3.0,3D,*spcR_42ns,3.0,0.022,0.6,120,27.0,2.0,261.6,630,"[0.99428, 0, -0.10681, -0.00448126, 0.999119, -0.0417156]","['derived', '_acq-spcR4p2_run-8_T2w']",W:\MinMo_CI\niftis\Min-Mo-044-060\MinMo-051\8\DICOM\DICOM_t1_space_sag_MPR_Ax3mm_20260316000000_8.nii.gz
7,MinMo-051,3.0,3D,*spcR_42ns,3.0,0.022,0.6,120,27.0,2.0,261.6,630,"[0.997708, 0.0636773, -0.022887, -0.0207994, -0.0332561, -0.99923]","['derived', '_acq-spcR4p2_run-7_T2w']",W:\MinMo_CI\niftis\Min-Mo-044-060\MinMo-051\7\DICOM\DICOM_t1_space_sag_MPR_Cor3mm_20260316000000_7.nii.gz
6,MinMo-051,3.0,3D,*spcR_42ns,1.0,0.022,0.6,120,27.0,2.0,261.6,630,"[-0.076046, 0.995416, -0.0579923, -0.0862, -0.064506, -0.994187]","['anat', '_acq-spcR4p2_run-6_T2w']",W:\MinMo_CI\niftis\Min-Mo-044-060\MinMo-051\6\DICOM\DICOM_t1_space_sag_20260316000000_6.nii.gz
3,MinMo-051,3.0,2D,*tse2d1_17,5.0,0.086,5.38,150,17.0,4.0,37.639,193,"[0.996792, 0.0114135, -0.0792152, -0.0173991, 0.99701, -0.0752873]","['anat', '_acq-tse2p4_run-3_T2w']",W:\MinMo_CI\niftis\Min-Mo-044-060\MinMo-051\3\DICOM\DICOM_ax_t2_tse_Med_DRS_480_20260316000000_3.nii.gz
2,MinMo-051,3.0,2D,*tse2d1_17,5.0,0.088,5.52,150,17.0,2.0,182.139,191,"[0.996792, 0.0114135, -0.0792152, -0.0173991, 0.99701, -0.0752873]","['anat', '_acq-tse2p2_run-2_T2w']",W:\MinMo_CI\niftis\Min-Mo-044-060\MinMo-051\2\DICOM\DICOM_ax_t2_tse_20260316000000_2.nii.gz
16,MinMo-051,3.0,2D,*tse2d1_17,5.0,0.088,6.11,150,17.0,2.0,85.519,191,"[0.995639, 0.0399923, -0.0842845, -0.081271, -0.0717863, -0.994103]","['anat', '_acq-tse2p2_run-16_T2w']",W:\MinMo_CI\niftis\Min-Mo-044-060\MinMo-051\16\DICOM\DICOM_cor_t2_tse_20260316000000_16.nii.gz
15,MinMo-051,3.0,3D,*swi3d1r,12.8,0.02,0.028,15,,2.0,,119,"[0.996792, 0.0114135, -0.0792152, -0.0173991, 0.99701, -0.0752873]","['derived', '_acq-swi3p2_run-15_part-mag_T2starw']",W:\MinMo_CI\niftis\Min-Mo-044-060\MinMo-051\15\DICOM\DICOM_ax_swi_ge3d_SWI_mIP_20260316000000_15.nii.gz
14,MinMo-051,3.0,3D,*swi3d1r,1.6,0.02,0.028,15,,2.0,245.642,119,"[0.996792, 0.0114135, -0.0792152, -0.0173991, 0.99701, -0.0752873]","['anat', '_acq-swi3p2_run-14_part-mag_T2starw']",W:\MinMo_CI\niftis\Min-Mo-044-060\MinMo-051\14\DICOM\DICOM_ax_swi_ge3d_SWI_20260316000000_14.nii.gz
13,MinMo-051,3.0,3D,*swi3d1r,1.6,0.02,0.028,15,,2.0,245.642,119,"[0.996792, 0.0114135, -0.0792152, -0.0173991, 0.99701, -0.0752873]","['anat', '_acq-swi3p2_run-13_part-phase_T2starw']",W:\MinMo_CI\niftis\Min-Mo-044-060\MinMo-051\13\DICOM\DICOM_ax_swi_ge3d_Pha_20260316000000_13_ph.nii.gz
12,MinMo-051,3.0,3D,*swi3d1r,1.6,0.02,0.028,15,,2.0,245.642,119,"[0.996792, 0.0114135, -0.0792152, -0.0173991, 0.99701, -0.0752873]","['anat', '_acq-swi3p2_run-12_part-mag_T2starw']",W:\MinMo_CI\niftis\Min-Mo-044-060\MinMo-051\12\DICOM\DICOM_ax_swi_ge3d_Mag_20260316000000_12.nii.gz
10,MinMo-051,3.0,3D,*spcR_42ns,1.0,0.022,0.6,120,27.0,2.0,261.6,630,"[0.996979, 0.0531401, -0.0566424, -0.0557052, -0.0189571, -0.998267]","['derived', '_acq-spcR4p2_run-10_T2w']",W:\MinMo_CI\niftis\Min-Mo-044-060\MinMo-051\10\DICOM\DICOM_t1_space_sag_MPR_Cor_20260316000000_10.nii.gz
26,MinMo-050,1.5,3D,*spcR_40ns,1.0,0.0072,0.6,120,40.0,2.0,272.537,630,"[0.999605, 0.00274074, -0.0279523, -0.00274074, 0.999996, 3.83875e-05]","['derived', '_acq-spcR4p2_run-26_T2w']",W:\MinMo_CI\niftis\Min-Mo-044-060\MinMo-050\26\DICOM\DICOM_sag_t1post_fs_space_MPR_Tra_20260308000000_26.nii.gz
25,MinMo-050,1.5,3D,*spcR_40ns,3.0,0.0072,0.6,120,40.0,2.0,272.537,630,"[1, 0, 0, 0, 0.531419, -0.847109]","['derived', '_acq-spcR4p2_run-25_T2w']",W:\MinMo_CI\niftis\Min-Mo-044-060\MinMo-050\25\DICOM\DICOM_sag_t1post_fs_space_MPR_Cor3mm_20260308000000_25.nii.gz
24,MinMo-050,1.5,3D,*spcR_40ns,1.0,0.0072,0.6,120,40.0,2.0,272.537,630,"[-0.0181256, 0.995869, 0.0889697, -0.0269649, 0.088465, -0.995714]","['anat', '_acq-spcR4p2_run-24_T2w']",W:\MinMo_CI\niftis\Min-Mo-044-060\MinMo-050\24\DICOM\DICOM_sag_t1post_fs_space_20260308000000_24.nii.gz
23,MinMo-050,1.5,3D,*swi3d1r,16.0,0.04,0.049,15,,2.0,,80,"[0.999101, -3.73332e-06, -0.042386, -4.593e-12, 1, -8.80792e-05]","['derived', '_acq-swi3p2_run-23_part-mag_T2starw']",W:\MinMo_CI\niftis\Min-Mo-044-060\MinMo-050\23\DICOM\DICOM_ax_swi_ge3d_SWI_mIP_20260308000000_23.nii.gz
22,MinMo-050,1.5,3D,*swi3d1r,2.0,0.04,0.049,15,,2.0,207.37,80,"[0.999101, -3.73332e-06, -0.042386, -4.593e-12, 1, -8.80792e-05]","['anat', '_acq-swi3p2_run-22_part-mag_T2starw']",W:\MinMo_CI\niftis\Min-Mo-044-060\MinMo-050\22\DICOM\DICOM_ax_swi_ge3d_SWI_20260308000000_22.nii.gz
21,MinMo-050,1.5,3D,*swi3d1r,2.0,0.04,0.049,15,,2.0,207.37,80,"[0.999101, -3.73332e-06, -0.042386, -4.593e-12, 1, -8.80792e-05]","['anat', '_acq-swi3p2_run-21_part-phase_T2starw']",W:\MinMo_CI\niftis\Min-Mo-044-060\MinMo-050\21\DICOM\DICOM_ax_swi_ge3d_Pha_20260308000000_21_ph.nii.gz
20,MinMo-050,1.5,3D,*swi3d1r,2.0,0.04,0.049,15,,2.0,207.37,80,"[0.999101, -3.73332e-06, -0.042386, -4.593e-12, 1, -8.80792e-05]","['anat', '_acq-swi3p2_run-20_part-mag_T2starw']",W:\MinMo_CI\niftis\Min-Mo-044-060\MinMo-050\20\DICOM\DICOM_ax_swi_ge3d_Mag_20260308000000_20.nii.gz
2,MinMo-050,1.5,2D,*tse2d1_17,5.0,0.092,5.45,150,17.0,2.0,179.832,191,"[0.999101, -3.73332e-06, -0.042386, -4.593e-12, 1, -8.80792e-05]","['anat', '_acq-tse2p2_run-2_T2w']",W:\MinMo_CI\niftis\Min-Mo-044-060\MinMo-050\2\DICOM\DICOM_ax_t2_tse_20260308000000_2.nii.gz
19,MinMo-050,1.5,3D,*spcR_40ns,3.0,0.0072,0.6,120,40.0,2.0,272.54,630,"[1, 0, 0, 0, 0.928026, 0.372516]","['derived', '_acq-spcR4p2_run-19_T2w']",W:\MinMo_CI\niftis\Min-Mo-044-060\MinMo-050\19\DICOM\DICOM_sag_t1_space_MPR_Ax3mm_20260308000000_19.nii.gz
18,MinMo-050,1.5,3D,*spcR_40ns,1.0,0.0072,0.6,120,40.0,2.0,272.54,630,"[0.999605, 0.00274073, -0.0279522, -0.00274073, 0.999996, 3.82681e-05]","['derived', '_acq-spcR4p2_run-18_T2w']",W:\MinMo_CI\niftis\Min-Mo-044-060\MinMo-050\18\DICOM\DICOM_sag_t1_space_MPR_Tra_20260308000000_18.nii.gz
17,MinMo-050,1.5,3D,*spcR_40ns,1.0,0.0072,0.6,120,40.0,2.0,272.54,630,"[1, 0, 0, 0, 0.124438, -0.992227]","['derived', '_acq-spcR4p2_run-17_T2w']",W:\MinMo_CI\niftis\Min-Mo-044-060\MinMo-050\17\DICOM\DICOM_sag_t1_space_MPR_Cor_20260308000000_17.nii.gz
16,MinMo-050,1.5,3D,*spcR_40ns,3.0,0.0072,0.6,120,40.0,2.0,272.54,630,"[1, 0, 0, 0, 0.531419, -0.847109]","['derived', '_acq-spcR4p2_run-16_T2w']",W:\MinMo_CI\niftis\Min-Mo-044-060\MinMo-050\16\DICOM\DICOM_sag_t1_space_MPR_Cor3mm_20260308000000_16.nii.gz
15,MinMo-050,1.5,3D,*spcR_40ns,1.0,0.0072,0.6,120,40.0,2.0,272.54,630,"[-0.0510311, 0.990755, 0.125703, -0.0555502, 0.122856, -0.990869]","['anat', '_acq-spcR4p2_run-15_T2w']",W:\MinMo_CI\niftis\Min-Mo-044-060\MinMo-050\15\DICOM\DICOM_sag_t1_space_20260308000000_15.nii.gz
14,MinMo-050,1.5,2D,*tse2d1_17,5.0,0.092,6.36,150,17.0,2.0,89.0,191,"[0.998889, 0.0471208, -0.000690067, -0.00782297, 0.15136, -0.988448]","['anat', '_acq-tse2p2_run-14_T2w']",W:\MinMo_CI\niftis\Min-Mo-044-060\MinMo-050\14\DICOM\DICOM_cor_t2_tse_20260308000000_14.nii.gz
13,MinMo-050,1.5,3D,*spcir_210ns,3.0,0.369,7.0,120,210.0,2.0,196.727,592,"[1, 0, 0, 0, 0.928026, 0.372516]","['derived', '_acq-spcir2p2_run-13']",W:\MinMo_CI\niftis\Min-Mo-044-060\MinMo-050\13\DICOM\DICOM_sag_t2flair_fs_space_MPR_Ax3mm_20260308000000_13.nii.gz
12,MinMo-050,1.5,3D,*spcir_210ns,3.0,0.369,7.0,120,210.0,2.0,196.727,592,"[1, 0, 0, 0, 0.531419, -0.847109]","['derived', '_acq-spcir2p2_run-12']",W:\MinMo_CI\niftis\Min-Mo-044-060\MinMo-050\12\DICOM\DICOM_sag_t2flair_fs_space_MPR_Cor3mm_20260308000000_12.nii.gz
11,MinMo-050,1.5,3D,*spcir_210ns,1.0,0.369,7.0,120,210.0,2.0,196.727,592,"[-0.0510298, 0.990752, 0.125727, -0.0555514, 0.12288, -0.990866]","['func', '_acq-spcir2p4_dir-RL_run-11_bold']",W:\MinMo_CI\niftis\Min-Mo-044-060\MinMo-050\11\DICOM\DICOM_sag_t2flair_fs_space_20260308000000_11.nii.gz
9,MinMo-049,3.0,3D,*spcR_42ns,1.0,0.022,0.7,120,27.0,2.0,305.2,630,"[0.998746, 0.0500508, -0.00128178, -0.0500672, 0.998419, -0.0255694]","['derived', '_acq-spcR4p2_run-9_T2w']",W:\MinMo_CI\niftis\Min-Mo-044-060\MinMo-049\9\DICOM\DICOM_t1_space_sag_MPR_Tra_20260305000000_9.nii.gz
8,MinMo-049,3.0,3D,*spcR_42ns,3.0,0.022,0.7,120,27.0,2.0,305.2,630,"[0.999275, 0.0310882, -0.0219822, -0.031946, 0.998696, -0.0398132]","['derived', '_acq-spcR4p2_run-8_T2w']",W:\MinMo_CI\niftis\Min-Mo-044-060\MinMo-049\8\DICOM\DICOM_t1_space_sag_MPR_Ax3mm_20260305000000_8.nii.gz
7,MinMo-049,3.0,3D,*spcR_42ns,3.0,0.022,0.7,120,27.0,2.0,305.2,630,"[0.99914, 0.041333, 0.00315715, -0.00782884, 0.262939, -0.964781]","['derived', '_acq-spcR4p2_run-7_T2w']",W:\MinMo_CI\niftis\Min-Mo-044-060\MinMo-049\7\DICOM\DICOM_t1_space_sag_MPR_Cor3mm_20260305000000_7.nii.gz
6,MinMo-049,3.0,3D,*spcR_42ns,1.0,0.022,0.7,120,27.0,2.0,305.2,630,"[-0.104746, 0.982064, 0.156776, -0.0233876, 0.155167, -0.987611]","['anat', '_acq-spcR4p2_run-6_T2w']",W:\MinMo_CI\niftis\Min-Mo-044-060\MinMo-049\6\DICOM\DICOM_t1_space_sag_20260305000000_6.nii.gz
3,MinMo-049,3.0,2D,*tse2d1_17,5.0,0.086,5.77,150,17.0,4.0,40.369,193,"[0.999848, 0.0174523, 6.64936e-05, -0.0174524, 0.99984, 0.00380942]","['anat', '_acq-tse2p4_run-3_T2w']",W:\MinMo_CI\niftis\Min-Mo-044-060\MinMo-049\3\DICOM\DICOM_ax_t2_tse_Med_DRS_480_20260305000000_3.nii.gz
22,MinMo-049,3.0,3D,*spcR_42ns,3.0,0.022,0.7,120,27.0,2.0,305.2,630,"[0.999275, 0.0310882, -0.0219822, -0.031946, 0.998696, -0.0398132]","['derived', '_acq-spcR4p2_run-22_T2w']",W:\MinMo_CI\niftis\Min-Mo-044-060\MinMo-049\22\DICOM\DICOM_sag_t1post_space_MPR_Ax3mm_20260305000000_22.nii.gz
21,MinMo-049,3.0,3D,*spcR_42ns,1.0,0.022,0.7,120,27.0,2.0,305.2,630,"[0.998746, 0.0500508, -0.00128178, -0.0500672, 0.998419, -0.0255694]","['derived', '_acq-spcR4p2_run-21_T2w']",W:\MinMo_CI\niftis\Min-Mo-044-060\MinMo-049\21\DICOM\DICOM_sag_t1post_space_MPR_Tra_20260305000000_21.nii.gz
20,MinMo-049,3.0,3D,*spcR_42ns,1.0,0.022,0.7,120,27.0,2.0,305.2,630,"[0.998452, 0.0555413, -0.0028174, -0.012791, 0.180047, -0.983575]","['derived', '_acq-spcR4p2_run-20_T2w']",W:\MinMo_CI\niftis\Min-Mo-044-060\MinMo-049\20\DICOM\DICOM_sag_t1post_space_MPR_Cor_20260305000000_20.nii.gz
2,MinMo-049,3.0,2D,*tse2d1_17,5.0,0.088,5.91,150,17.0,2.0,195.009,191,"[0.999848, 0.0174523, 6.64936e-05, -0.0174524, 0.99984, 0.00380942]","['anat', '_acq-tse2p2_run-2_T2w']",W:\MinMo_CI\niftis\Min-Mo-044-060\MinMo-049\2\DICOM\DICOM_ax_t2_tse_20260305000000_2.nii.gz
19,MinMo-049,3.0,3D,*spcR_42ns,3.0,0.022,0.7,120,27.0,2.0,305.2,630,"[0.99914, 0.041333, 0.00315715, -0.00782884, 0.262939, -0.964781]","['derived', '_acq-spcR4p2_run-19_T2w']",W:\MinMo_CI\niftis\Min-Mo-044-060\MinMo-049\19\DICOM\DICOM_sag_t1post_space_MPR_Cor3mm_20260305000000_19.nii.gz
18,MinMo-049,3.0,3D,*spcR_42ns,1.0,0.022,0.7,120,27.0,2.0,305.2,630,"[-0.104746, 0.982064, 0.156776, -0.0233876, 0.155167, -0.987611]","['anat', '_acq-spcR4p2_run-18_T2w']",W:\MinMo_CI\niftis\Min-Mo-044-060\MinMo-049\18\DICOM\DICOM_sag_t1post_space_20260305000000_18.nii.gz
17,MinMo-049,3.0,2D,*tse2d1_17,5.0,0.088,6.36,150,17.0,2.0,89.017,191,"[0.998292, 0.0584162, -0.000679709, -0.0139911, 0.227769, -0.973615]","['anat', '_acq-tse2p2_run-17_T2w']",W:\MinMo_CI\niftis\Min-Mo-044-060\MinMo-049\17\DICOM\DICOM_cor_t2_tse_RPT_20260305000000_17.nii.gz
16,MinMo-049,3.0,2D,*tse2d1_17,5.0,0.088,6.36,150,17.0,2.0,89.019,191,"[0.998292, 0.0584162, -0.000679709, -0.0139911, 0.227769, -0.973615]","['anat', '_acq-tse2p2_run-16_T2w']",W:\MinMo_CI\niftis\Min-Mo-044-060\MinMo-049\16\DICOM\DICOM_cor_t2_tse_20260305000000_16.nii.gz
15,MinMo-049,3.0,3D,*swi3d1r,12.8,0.02,0.028,15,,2.0,,119,"[0.999848, 0.0174523, 6.64936e-05, -0.0174524, 0.99984, 0.00380942]","['derived', '_acq-swi3p2_run-15_part-mag_T2starw']",W:\MinMo_CI\niftis\Min-Mo-044-060\MinMo-049\15\DICOM\DICOM_ax_swi_ge3d_SWI_mIP_20260305000000_15.nii.gz
14,MinMo-049,3.0,3D,*swi3d1r,1.6,0.02,0.028,15,,2.0,266.615,119,"[0.999848, 0.0174523, 6.64936e-05, -0.0174524, 0.99984, 0.00380942]","['anat', '_acq-swi3p2_run-14_part-mag_T2starw']",W:\MinMo_CI\niftis\Min-Mo-044-060\MinMo-049\14\DICOM\DICOM_ax_swi_ge3d_SWI_20260305000000_14.nii.gz
13,MinMo-049,3.0,3D,*swi3d1r,1.6,0.02,0.028,15,,2.0,266.615,119,"[0.999848, 0.0174523, 6.64936e-05, -0.0174524, 0.99984, 0.00380942]","['anat', '_acq-swi3p2_run-13_part-phase_T2starw']",W:\MinMo_CI\niftis\Min-Mo-044-060\MinMo-049\13\DICOM\DICOM_ax_swi_ge3d_Pha_20260305000000_13_ph.nii.gz
12,MinMo-049,3.0,3D,*swi3d1r,1.6,0.02,0.028,15,,2.0,266.615,119,"[0.999848, 0.0174523, 6.64936e-05, -0.0174524, 0.99984, 0.00380942]","['anat', '_acq-swi3p2_run-12_part-mag_T2starw']",W:\MinMo_CI\niftis\Min-Mo-044-060\MinMo-049\12\DICOM\DICOM_ax_swi_ge3d_Mag_20260305000000_12.nii.gz
10,MinMo-049,3.0,3D,*spcR_42ns,1.0,0.022,0.7,120,27.0,2.0,305.2,630,"[0.998452, 0.0555413, -0.0028174, -0.012791, 0.180047, -0.983575]","['derived', '_acq-spcR4p2_run-10_T2w']",W:\MinMo_CI\niftis\Min-Mo-044-060\MinMo-049\10\DICOM\DICOM_t1_space_sag_MPR_Cor_20260305000000_10.nii.gz
9,MinMo-048,3.0,3D,*spcir_220ns,1.0,0.392,7.0,120,219.0,3.0,210.715,651,"[-0.153053, 0.988218, -0.0003479, -0.0704711, -0.0112656, -0.99745]","['derived', '_acq-spcir2p3_run-9']",W:\MinMo_CI\niftis\Min-Mo-044-060\MinMo-048\9\DICOM\DICOM_sag_t2_spc_flair_fs_MPR_Sag_20260302000000_9.nii.gz
8,MinMo-048,3.0,3D,*spcir_220ns,1.0,0.392,7.0,120,219.0,3.0,210.715,651,"[-0.065331, 0.990267, 0.122891, -0.128022, 0.113819, -0.985219]","['func', '_acq-spcir2p3_dir-RL_run-8_bold']",W:\MinMo_CI\niftis\Min-Mo-044-060\MinMo-048\8\DICOM\DICOM_sag_t2_spc_flair_fs_20260302000000_8.nii.gz
3,MinMo-048,3.0,2D,*tse2d1_17,5.0,0.086,5.52,150,17.0,4.0,38.614,193,"[0.996857, 0.0578235, -0.0541578, -0.049452, 0.988215, 0.144863]","['anat', '_acq-tse2p4_run-3_T2w']",W:\MinMo_CI\niftis\Min-Mo-044-060\MinMo-048\3\DICOM\DICOM_ax_t2_tse_Med_DRS_480_20260302000000_3.nii.gz
2,MinMo-048,3.0,2D,*tse2d1_17,5.0,0.088,5.52,150,17.0,2.0,182.139,191,"[0.996859, 0.0577779, -0.0541644, -0.0494061, 0.988218, 0.14486]","['anat', '_acq-tse2p2_run-2_T2w']",W:\MinMo_CI\niftis\Min-Mo-044-060\MinMo-048\2\DICOM\DICOM_ax_t2_tse_20260302000000_2.nii.gz
17,MinMo-048,3.0,3D,*swi3d1r,12.8,0.02,0.028,15,,2.0,,119,"[0.996857, 0.0578235, -0.0541578, -0.049452, 0.988215, 0.144863]","['derived', '_acq-swi3p2_run-17_part-mag_T2starw']",W:\MinMo_CI\niftis\Min-Mo-044-060\MinMo-048\17\DICOM\DICOM_ax_swi_ge3d_SWI_mIP_20260302000000_17.nii.gz
16,MinMo-048,3.0,3D,*swi3d1r,1.6,0.02,0.028,15,,2.0,224.672,119,"[0.996857, 0.0578235, -0.0541578, -0.049452, 0.988215, 0.144863]","['anat', '_acq-swi3p2_run-16_part-mag_T2starw']",W:\MinMo_CI\niftis\Min-Mo-044-060\MinMo-048\16\DICOM\DICOM_ax_swi_ge3d_SWI_20260302000000_16.nii.gz
15,MinMo-048,3.0,3D,*swi3d1r,1.6,0.02,0.028,15,,2.0,224.672,119,"[0.996857, 0.0578235, -0.0541578, -0.049452, 0.988215, 0.144863]","['anat', '_acq-swi3p2_run-15_part-phase_T2starw']",W:\MinMo_CI\niftis\Min-Mo-044-060\MinMo-048\15\DICOM\DICOM_ax_swi_ge3d_Pha_20260302000000_15_ph.nii.gz
14,MinMo-048,3.0,3D,*swi3d1r,1.6,0.02,0.028,15,,2.0,224.672,119,"[0.996857, 0.0578235, -0.0541578, -0.049452, 0.988215, 0.144863]","['anat', '_acq-swi3p2_run-14_part-mag_T2starw']",W:\MinMo_CI\niftis\Min-Mo-044-060\MinMo-048\14\DICOM\DICOM_ax_swi_ge3d_Mag_20260302000000_14.nii.gz
11,MinMo-048,3.0,3D,*spcir_220ns,1.0,0.392,7.0,120,219.0,3.0,210.715,651,"[0.995361, 0.0961323, 0.00380681, -0.0458902, 0.509184, -0.859433]","['derived', '_acq-spcir2p3_run-11']",W:\MinMo_CI\niftis\Min-Mo-044-060\MinMo-048\11\DICOM\DICOM_sag_t2_spc_flair_fs_MPR_Cor_20260302000000_11.nii.gz
10,MinMo-048,3.0,3D,*spcir_220ns,1.0,0.392,7.0,120,219.0,3.0,210.715,651,"[0.994604, 0.00410487, -0.10366, 0.0254903, 0.958914, 0.282548]","['derived', '_acq-spcir2p3_run-10']",W:\MinMo_CI\niftis\Min-Mo-044-060\MinMo-048\10\DICOM\DICOM_sag_t2_spc_flair_fs_MPR_Tra_20260302000000_10.nii.gz
9,MinMo-047,3.0,3D,*spcR_42ns,1.0,0.022,0.7,120,27.0,2.0,305.2,630,"[1, 0, 0, 0, 0.99974, 0.0227937]","['derived', '_acq-spcR4p2_run-9_T2w']",W:\MinMo_CI\niftis\Min-Mo-044-060\MinMo-047\9\DICOM\DICOM_t1_space_sag_MPR_Tra_20260302000000_9.nii.gz
8,MinMo-047,3.0,3D,*spcR_42ns,3.0,0.022,0.7,120,27.0,2.0,305.2,630,"[1, 0, 0, 0, 0.997242, 0.0742188]","['derived', '_acq-spcR4p2_run-8_T2w']",W:\MinMo_CI\niftis\Min-Mo-044-060\MinMo-047\8\DICOM\DICOM_t1_space_sag_MPR_Ax3mm_20260302000000_8.nii.gz
7,MinMo-047,3.0,3D,*spcR_42ns,3.0,0.022,0.7,120,27.0,2.0,305.2,630,"[0.996073, 0.0872045, 0.0153225, -0.0200655, 0.390883, -0.920222]","['derived', '_acq-spcR4p2_run-7_T2w']",W:\MinMo_CI\niftis\Min-Mo-044-060\MinMo-047\7\DICOM\DICOM_t1_space_sag_MPR_Cor3mm_20260302000000_7.nii.gz
6,MinMo-047,3.0,3D,*spcR_42ns,1.0,0.022,0.7,120,27.0,2.0,305.2,630,"[0.0177101, 0.995079, 0.0974842, 0.0469024, 0.0965654, -0.994221]","['anat', '_acq-spcR4p2_run-6_T2w']",W:\MinMo_CI\niftis\Min-Mo-044-060\MinMo-047\6\DICOM\DICOM_t1_space_sag_20260302000000_6.nii.gz
3,MinMo-047,3.0,2D,*tse2d1_17,5.0,0.086,5.52,150,17.0,4.0,38.614,193,"[0.999457, 0.016821, 0.0283204, -0.0174456, 0.999607, 0.0219538]","['anat', '_acq-tse2p4_run-3_T2w']",W:\MinMo_CI\niftis\Min-Mo-044-060\MinMo-047\3\DICOM\DICOM_ax_t2_tse_Med_DRS_480_20260302000000_3.nii.gz
2,MinMo-047,3.0,2D,*tse2d1_17,5.0,0.088,5.52,150,17.0,2.0,182.14,191,"[0.999457, 0.016821, 0.0283204, -0.0174456, 0.999607, 0.0219538]","['anat', '_acq-tse2p2_run-2_T2w']",W:\MinMo_CI\niftis\Min-Mo-044-060\MinMo-047\2\DICOM\DICOM_ax_t2_tse_20260302000000_2.nii.gz
16,MinMo-047,3.0,2D,*tse2d1_17,5.0,0.088,6.36,150,17.0,2.0,88.997,191,"[0.999682, -0.0252169, -0.000687748, 0.00365593, 0.1718, -0.985125]","['anat', '_acq-tse2p2_run-16_T2w']",W:\MinMo_CI\niftis\Min-Mo-044-060\MinMo-047\16\DICOM\DICOM_cor_t2_tse_20260302000000_16.nii.gz
15,MinMo-047,3.0,3D,*swi3d1r,12.8,0.02,0.028,15,,2.0,,119,"[0.999457, 0.016821, 0.0283204, -0.0174456, 0.999607, 0.0219538]","['derived', '_acq-swi3p2_run-15_part-mag_T2starw']",W:\MinMo_CI\niftis\Min-Mo-044-060\MinMo-047\15\DICOM\DICOM_ax_swi_ge3d_SWI_mIP_20260302000000_15.nii.gz
14,MinMo-047,3.0,3D,*swi3d1r,1.6,0.02,0.028,15,,2.0,245.645,119,"[0.999457, 0.016821, 0.0283204, -0.0174456, 0.999607, 0.0219538]","['anat', '_acq-swi3p2_run-14_part-mag_T2starw']",W:\MinMo_CI\niftis\Min-Mo-044-060\MinMo-047\14\DICOM\DICOM_ax_swi_ge3d_SWI_20260302000000_14.nii.gz
13,MinMo-047,3.0,3D,*swi3d1r,1.6,0.02,0.028,15,,2.0,245.645,119,"[0.999457, 0.016821, 0.0283204, -0.0174456, 0.999607, 0.0219538]","['anat', '_acq-swi3p2_run-13_part-phase_T2starw']",W:\MinMo_CI\niftis\Min-Mo-044-060\MinMo-047\13\DICOM\DICOM_ax_swi_ge3d_Pha_20260302000000_13_ph.nii.gz
12,MinMo-047,3.0,3D,*swi3d1r,1.6,0.02,0.028,15,,2.0,245.645,119,"[0.999457, 0.016821, 0.0283204, -0.0174456, 0.999607, 0.0219538]","['anat', '_acq-swi3p2_run-12_part-mag_T2starw']",W:\MinMo_CI\niftis\Min-Mo-044-060\MinMo-047\12\DICOM\DICOM_ax_swi_ge3d_Mag_20260302000000_12.nii.gz
10,MinMo-047,3.0,3D,*spcR_42ns,1.0,0.022,0.7,120,27.0,2.0,305.2,630,"[0.999922, -0.0122413, 0.00258852, 0.00393958, 0.111668, -0.993738]","['derived', '_acq-spcR4p2_run-10_T2w']",W:\MinMo_CI\niftis\Min-Mo-044-060\MinMo-047\10\DICOM\DICOM_t1_space_sag_MPR_Cor_20260302000000_10.nii.gz
9,MinMo-046,3.0,3D,*spcR_42ns,1.0,0.022,0.7,120,27.0,2.0,305.2,630,"[0.999404, 0.0344614, -0.00200887, -0.00868065, 0.194568, -0.980851]","['derived', '_acq-spcR4p2_run-9_T2w']",W:\MinMo_CI\niftis\Min-Mo-044-060\MinMo-046\9\DICOM\DICOM_t1_space_sag_MPR_Cor_20260301000000_9.nii.gz
8,MinMo-046,3.0,3D,*spcR_42ns,1.0,0.022,0.7,120,27.0,2.0,305.2,630,"[1, 0, 0, 0, 0.999927, -0.0121104]","['derived', '_acq-spcR4p2_run-8_T2w']",W:\MinMo_CI\niftis\Min-Mo-044-060\MinMo-046\8\DICOM\DICOM_t1_space_sag_MPR_Tra_20260301000000_8.nii.gz
7,MinMo-046,3.0,3D,*spcR_42ns,3.0,0.022,0.7,120,27.0,2.0,305.2,630,"[1, 0, 0, 0, 0.999683, 0.025184]","['derived', '_acq-spcR4p2_run-7_T2w']",W:\MinMo_CI\niftis\Min-Mo-044-060\MinMo-046\7\DICOM\DICOM_t1_space_sag_MPR_Ax3mm_20260301000000_7.nii.gz
6,MinMo-046,3.0,3D,*spcR_42ns,1.0,0.022,0.7,120,27.0,2.0,305.2,630,"[-0.0312811, 0.98718, 0.156515, 0.0538039, 0.158027, -0.985968]","['anat', '_acq-spcR4p2_run-6_T2w']",W:\MinMo_CI\niftis\Min-Mo-044-060\MinMo-046\6\DICOM\DICOM_t1_space_sag_20260301000000_6.nii.gz
3,MinMo-046,3.0,2D,*tse2d1_17,5.0,0.086,5.52,150,17.0,4.0,38.614,193,"[0.999848, 0.0174439, -0.000545963, -0.0174524, 0.999358, -0.0312782]","['anat', '_acq-tse2p4_run-3_T2w']",W:\MinMo_CI\niftis\Min-Mo-044-060\MinMo-046\3\DICOM\DICOM_ax_t2_tse_Med_DRS_480_20260301000000_3.nii.gz
2,MinMo-046,3.0,2D,*tse2d1_17,5.0,0.088,5.52,150,17.0,2.0,182.139,191,"[0.999848, 0.0174439, -0.000545963, -0.0174524, 0.999358, -0.0312782]","['anat', '_acq-tse2p2_run-2_T2w']",W:\MinMo_CI\niftis\Min-Mo-044-060\MinMo-046\2\DICOM\DICOM_ax_t2_tse_20260301000000_2.nii.gz
16,MinMo-046,3.0,2D,*tse2d1_17,5.0,0.088,6.7,150,17.0,2.0,93.779,191,"[0.999415, 0.034206, -0.000676917, -0.00902451, 0.244486, -0.969611]","['anat', '_acq-tse2p2_run-16_T2w']",W:\MinMo_CI\niftis\Min-Mo-044-060\MinMo-046\16\DICOM\DICOM_cor_t2_tse_20260301000000_16.nii.gz
15,MinMo-046,3.0,3D,*swi3d1r,12.8,0.02,0.028,15,,2.0,,119,"[0.999848, 0.0174439, -0.000545963, -0.0174524, 0.999358, -0.0312782]","['derived', '_acq-swi3p2_run-15_part-mag_T2starw']",W:\MinMo_CI\niftis\Min-Mo-044-060\MinMo-046\15\DICOM\DICOM_ax_swi_ge3d_SWI_mIP_20260301000000_15.nii.gz
14,MinMo-046,3.0,3D,*swi3d1r,1.6,0.02,0.028,15,,2.0,238.755,119,"[0.999848, 0.0174439, -0.000545963, -0.0174524, 0.999358, -0.0312782]","['anat', '_acq-swi3p2_run-14_part-mag_T2starw']",W:\MinMo_CI\niftis\Min-Mo-044-060\MinMo-046\14\DICOM\DICOM_ax_swi_ge3d_SWI_20260301000000_14.nii.gz
13,MinMo-046,3.0,3D,*swi3d1r,1.6,0.02,0.028,15,,2.0,238.755,119,"[0.999848, 0.0174439, -0.000545963, -0.0174524, 0.999358, -0.0312782]","['anat', '_acq-swi3p2_run-13_part-phase_T2starw']",W:\MinMo_CI\niftis\Min-Mo-044-060\MinMo-046\13\DICOM\DICOM_ax_swi_ge3d_Pha_20260301000000_13_ph.nii.gz
12,MinMo-046,3.0,3D,*swi3d1r,1.6,0.02,0.028,15,,2.0,238.755,119,"[0.999848, 0.0174439, -0.000545963, -0.0174524, 0.999358, -0.0312782]","['anat', '_acq-swi3p2_run-12_part-mag_T2starw']",W:\MinMo_CI\niftis\Min-Mo-044-060\MinMo-046\12\DICOM\DICOM_ax_swi_ge3d_Mag_20260301000000_12.nii.gz
10,MinMo-046,3.0,3D,*spcR_42ns,3.0,0.022,0.7,120,27.0,2.0,305.2,630,"[0.999882, 0.0149659, 0.00333677, -0.000717528, 0.263046, -0.964783]","['derived', '_acq-spcR4p2_run-10_T2w']",W:\MinMo_CI\niftis\Min-Mo-044-060\MinMo-046\10\DICOM\DICOM_t1_space_sag_MPR_Cor3mm_20260301000000_10.nii.gz
9,MinMo-045,3.0,3D,*spcR_42ns,1.0,0.022,0.7,120,27.0,2.0,277.202,630,"[0.999542, 0.0301665, -0.00227331, -0.00796518, 0.189936, -0.981764]","['derived', '_acq-spcR4p2_run-9_T2w']",W:\MinMo_CI\niftis\Min-Mo-044-060\MinMo-045\9\DICOM\DICOM_t1_space_sag_MPR_Cor_20260209000000_9.nii.gz
8,MinMo-045,3.0,3D,*spcR_42ns,3.0,0.022,0.7,120,27.0,2.0,277.202,630,"[0.999654, 0.0261989, 0.00224219, -0.00476559, 0.264375, -0.964408]","['derived', '_acq-spcR4p2_run-8_T2w']",W:\MinMo_CI\niftis\Min-Mo-044-060\MinMo-045\8\DICOM\DICOM_t1_space_sag_MPR_Cor3mm_20260209000000_8.nii.gz
7,MinMo-045,3.0,3D,*spcR_42ns,3.0,0.022,0.7,120,27.0,2.0,277.202,630,"[1, 0, 0, 0, 1, -0.000181174]","['derived', '_acq-spcR4p2_run-7_T2w']",W:\MinMo_CI\niftis\Min-Mo-044-060\MinMo-045\7\DICOM\DICOM_t1_space_sag_MPR_Ax3mm_20260209000000_7.nii.gz
6,MinMo-045,3.0,3D,*spcR_42ns,1.0,0.022,0.7,120,27.0,2.0,277.202,630,"[-0.00766529, 0.994362, 0.105759, 0.0105034, 0.105836, -0.994328]","['anat', '_acq-spcR4p2_run-6_T2w']",W:\MinMo_CI\niftis\Min-Mo-044-060\MinMo-045\6\DICOM\DICOM_t1_space_sag_20260209000000_6.nii.gz
3,MinMo-045,3.0,2D,*tse2d1_17,5.0,0.086,5.77,150,17.0,4.0,40.369,193,"[0.999607, 0.0170366, 0.0222415, -0.0174482, 0.999678, 0.0184472]","['anat', '_acq-tse2p4_run-3_T2w']",W:\MinMo_CI\niftis\Min-Mo-044-060\MinMo-045\3\DICOM\DICOM_ax_t2_tse_Med_DRS_480_20260209000000_3.nii.gz
26,MinMo-045,3.0,3D,*spcR_42ns,1.0,0.022,0.55,120,27.0,2.0,217.802,630,"[0.999542, 0.0301665, -0.00227324, -0.00796512, 0.189936, -0.981764]","['derived', '_acq-spcR4p2_run-26_T2w']",W:\MinMo_CI\niftis\Min-Mo-044-060\MinMo-045\26\DICOM\DICOM_sag_t1post_space_MPR_Cor_20260209000000_26.nii.gz
25,MinMo-045,3.0,3D,*spcR_42ns,1.0,0.022,0.55,120,27.0,2.0,217.802,630,"[1, 0, 0, 0, 1, 0]","['derived', '_acq-spcR4p2_run-25_T2w']",W:\MinMo_CI\niftis\Min-Mo-044-060\MinMo-045\25\DICOM\DICOM_sag_t1post_space_MPR_Tra_20260209000000_25.nii.gz
24,MinMo-045,3.0,3D,*spcR_42ns,3.0,0.022,0.55,120,27.0,2.0,217.802,630,"[1, 0, 0, 0, 1, -0.000181174]","['derived', '_acq-spcR4p2_run-24_T2w']",W:\MinMo_CI\niftis\Min-Mo-044-060\MinMo-045\24\DICOM\DICOM_sag_t1post_space_MPR_Ax3mm_20260209000000_24.nii.gz
23,MinMo-045,3.0,3D,*spcR_42ns,3.0,0.022,0.55,120,27.0,2.0,217.802,630,"[0.999654, 0.0261989, 0.00224212, -0.00476565, 0.264375, -0.964408]","['derived', '_acq-spcR4p2_run-23_T2w']",W:\MinMo_CI\niftis\Min-Mo-044-060\MinMo-045\23\DICOM\DICOM_sag_t1post_space_MPR_Cor3mm_20260209000000_23.nii.gz
22,MinMo-045,3.0,3D,*spcR_42ns,1.0,0.022,0.55,120,27.0,2.0,217.802,630,"[-0.00766503, 0.994365, 0.105737, 0.0105035, 0.105814, -0.99433]","['anat', '_acq-spcR4p2_run-22_T2w']",W:\MinMo_CI\niftis\Min-Mo-044-060\MinMo-045\22\DICOM\DICOM_sag_t1post_space_20260209000000_22.nii.gz
2,MinMo-045,3.0,2D,*tse2d1_17,5.0,0.088,5.91,150,17.0,2.0,195.009,191,"[0.999607, 0.0170366, 0.0222415, -0.0174482, 0.999678, 0.0184472]","['anat', '_acq-tse2p2_run-2_T2w']",W:\MinMo_CI\niftis\Min-Mo-044-060\MinMo-045\2\DICOM\DICOM_ax_t2_tse_20260209000000_2.nii.gz
16,MinMo-045,3.0,2D,*tse2d1_17,5.0,0.088,6.36,150,17.0,2.0,89.017,191,"[0.999989, -0.00455705, -0.000658964, 0.000882937, 0.33024, -0.943896]","['anat', '_acq-tse2p2_run-16_T2w']",W:\MinMo_CI\niftis\Min-Mo-044-060\MinMo-045\16\DICOM\DICOM_cor_t2_tse_20260209000000_16.nii.gz
15,MinMo-045,3.0,3D,*swi3d1r,12.8,0.02,0.028,15,,2.0,,119,"[0.999607, 0.0170366, 0.0222415, -0.0174482, 0.999678, 0.0184472]","['derived', '_acq-swi3p2_run-15_part-mag_T2starw']",W:\MinMo_CI\niftis\Min-Mo-044-060\MinMo-045\15\DICOM\DICOM_ax_swi_ge3d_SWI_mIP_20260209000000_15.nii.gz
14,MinMo-045,3.0,3D,*swi3d1r,1.6,0.02,0.028,15,,2.0,222.685,119,"[0.999607, 0.0170366, 0.0222415, -0.0174482, 0.999678, 0.0184472]","['anat', '_acq-swi3p2_run-14_part-mag_T2starw']",W:\MinMo_CI\niftis\Min-Mo-044-060\MinMo-045\14\DICOM\DICOM_ax_swi_ge3d_SWI_20260209000000_14.nii.gz
13,MinMo-045,3.0,3D,*swi3d1r,1.6,0.02,0.028,15,,2.0,222.685,119,"[0.999607, 0.0170366, 0.0222415, -0.0174482, 0.999678, 0.0184472]","['anat', '_acq-swi3p2_run-13_part-phase_T2starw']",W:\MinMo_CI\niftis\Min-Mo-044-060\MinMo-045\13\DICOM\DICOM_ax_swi_ge3d_Pha_20260209000000_13_ph.nii.gz
12,MinMo-045,3.0,3D,*swi3d1r,1.6,0.02,0.028,15,,2.0,222.685,119,"[0.999607, 0.0170366, 0.0222415, -0.0174482, 0.999678, 0.0184472]","['anat', '_acq-swi3p2_run-12_part-mag_T2starw']",W:\MinMo_CI\niftis\Min-Mo-044-060\MinMo-045\12\DICOM\DICOM_ax_swi_ge3d_Mag_20260209000000_12.nii.gz
11,MinMo-045,3.0,3D,*spcir_220ns,1.0,0.392,7.0,120,219.0,3.0,210.715,651,"[-0.00766503, 0.994365, 0.105737, 0.0105035, 0.105814, -0.99433]","['func', '_acq-spcir2p3_dir-RL_run-11_bold']",W:\MinMo_CI\niftis\Min-Mo-044-060\MinMo-045\11\DICOM\DICOM_sag_t2_spc_flair_fs_20260209000000_11.nii.gz
10,MinMo-045,3.0,3D,*spcR_42ns,1.0,0.022,0.7,120,27.0,2.0,277.202,630,"[1, 0, 0, 0, 1, 0]","['derived', '_acq-spcR4p2_run-10_T2w']",W:\MinMo_CI\niftis\Min-Mo-044-060\MinMo-045\10\DICOM\DICOM_t1_space_sag_MPR_Tra_20260209000000_10.nii.gz
3,MinMo-044,3.0,2D,*tse2d1_17,5.0,0.086,5.77,150,17.0,4.0,40.369,193,"[0.998637, 0.00528223, 0.0519325, -0.0174313, 0.971504, 0.23638]","['anat', '_acq-tse2p4_run-3_T2w']",W:\MinMo_CI\niftis\Min-Mo-044-060\MinMo-044\3\DICOM\DICOM_ax_t2_tse_Med_DRS_480_20260208000000_3.nii.gz
20,MinMo-044,3.0,2D,*tse2d1_17,5.0,0.088,6.5,150,17.0,2.0,90.977,191,"[0.997977, 0.0635784, -0.000654238, -0.0228004, 0.348249, -0.937125]","['anat', '_acq-tse2p2_run-20_T2w']",W:\MinMo_CI\niftis\Min-Mo-044-060\MinMo-044\20\DICOM\DICOM_cor_t2_tse_20260208000000_20.nii.gz
2,MinMo-044,3.0,2D,*tse2d1_17,5.0,0.088,5.91,150,17.0,2.0,195.009,191,"[0.998637, 0.00528223, 0.0519325, -0.0174313, 0.971504, 0.23638]","['anat', '_acq-tse2p2_run-2_T2w']",W:\MinMo_CI\niftis\Min-Mo-044-060\MinMo-044\2\DICOM\DICOM_ax_t2_tse_20260208000000_2.nii.gz
19,MinMo-044,3.0,3D,*swi3d1r,12.8,0.02,0.028,15,,2.0,,119,"[0.998637, 0.00528223, 0.0519325, -0.0174313, 0.971504, 0.23638]","['derived', '_acq-swi3p2_run-19_part-mag_T2starw']",W:\MinMo_CI\niftis\Min-Mo-044-060\MinMo-044\19\DICOM\DICOM_ax_swi_ge3d_SWI_mIP_20260208000000_19.nii.gz
18,MinMo-044,3.0,3D,*swi3d1r,1.6,0.02,0.028,15,,2.0,266.615,119,"[0.998637, 0.00528223, 0.0519325, -0.0174313, 0.971504, 0.23638]","['anat', '_acq-swi3p2_run-18_part-mag_T2starw']",W:\MinMo_CI\niftis\Min-Mo-044-060\MinMo-044\18\DICOM\DICOM_ax_swi_ge3d_SWI_20260208000000_18.nii.gz
17,MinMo-044,3.0,3D,*swi3d1r,1.6,0.02,0.028,15,,2.0,266.615,119,"[0.998637, 0.00528223, 0.0519325, -0.0174313, 0.971504, 0.23638]","['anat', '_acq-swi3p2_run-17_part-phase_T2starw']",W:\MinMo_CI\niftis\Min-Mo-044-060\MinMo-044\17\DICOM\DICOM_ax_swi_ge3d_Pha_20260208000000_17_ph.nii.gz
16,MinMo-044,3.0,3D,*swi3d1r,1.6,0.02,0.028,15,,2.0,266.615,119,"[0.998637, 0.00528223, 0.0519325, -0.0174313, 0.971504, 0.23638]","['anat', '_acq-swi3p2_run-16_part-mag_T2starw']",W:\MinMo_CI\niftis\Min-Mo-044-060\MinMo-044\16\DICOM\DICOM_ax_swi_ge3d_Mag_20260208000000_16.nii.gz
15,MinMo-044,3.0,3D,*spcir_220ns,1.0,0.392,7.0,120,219.0,3.0,210.717,651,"[-0.0811599, 0.984295, 0.156771, -0.00240549, 0.157096, -0.98758]","['func', '_acq-spcir2p3_dir-RL_run-15_bold']",W:\MinMo_CI\niftis\Min-Mo-044-060\MinMo-044\15\DICOM\DICOM_sag_t2_spc_flair_fs_20260208000000_15.nii.gz
14,MinMo-044,3.0,3D,*spcR_42ns,1.0,0.022,0.7,120,27.0,2.0,277.202,630,"[0.998452, 0.0552672, 0.00619015, -0.012791, 0.336541, -0.941582]","['derived', '_acq-spcR4p2_run-14_T2w']",W:\MinMo_CI\niftis\Min-Mo-044-060\MinMo-044\14\DICOM\DICOM_t1_space_sag_MPR_Cor_20260208000000_14.nii.gz
13,MinMo-044,3.0,3D,*spcR_42ns,3.0,0.022,0.7,120,27.0,2.0,277.202,630,"[0.99735, 0.0711559, 0.0151427, -0.0184787, 0.449106, -0.893287]","['derived', '_acq-spcR4p2_run-13_T2w']",W:\MinMo_CI\niftis\Min-Mo-044-060\MinMo-044\13\DICOM\DICOM_t1_space_sag_MPR_Cor3mm_20260208000000_13.nii.gz
12,MinMo-044,3.0,3D,*spcR_42ns,1.0,0.022,0.7,120,27.0,2.0,277.202,630,"[0.99868, 0, 0.0513726, -0.014049, 0.96188, 0.273111]","['derived', '_acq-spcR4p2_run-12_T2w']",W:\MinMo_CI\niftis\Min-Mo-044-060\MinMo-044\12\DICOM\DICOM_t1_space_sag_MPR_Tra_20260208000000_12.nii.gz
11,MinMo-044,3.0,3D,*spcR_42ns,3.0,0.022,0.7,120,27.0,2.0,277.202,630,"[1, 0, 0, 0, 0.93589, 0.352291]","['derived', '_acq-spcR4p2_run-11_T2w']",W:\MinMo_CI\niftis\Min-Mo-044-060\MinMo-044\11\DICOM\DICOM_t1_space_sag_MPR_Ax3mm_20260208000000_11.nii.gz
10,MinMo-044,3.0,3D,*spcR_42ns,1.0,0.022,0.7,120,27.0,2.0,277.202,630,"[-0.0811599, 0.984295, 0.156771, -0.00240549, 0.157096, -0.98758]","['anat', '_acq-spcR4p2_run-10_T2w']",W:\MinMo_CI\niftis\Min-Mo-044-060\MinMo-044\10\DICOM\DICOM_t1_space_sag_20260208000000_10.nii.gz
3,Min-Mo-060,3.0,2D,*tse2d1_17,5.0,0.086,5.52,150,17.0,4.0,38.614,193,"[0.995422, 0.0893335, 0.0339866, -0.0874383, 0.994723, -0.0536725]","['anat', '_acq-tse2p4_run-3_T2w']",W:\MinMo_CI\niftis\Min-Mo-044-060\Min-Mo-060\3\DICOM\DICOM_ax_t2_tse_Med_DRS_480_20260517000000_3.nii.gz
2,Min-Mo-060,3.0,2D,*tse2d1_17,5.0,0.088,5.52,150,17.0,2.0,182.139,191,"[0.995426, 0.0892878, 0.0339891, -0.0873926, 0.994727, -0.0536709]","['anat', '_acq-tse2p2_run-2_T2w']",W:\MinMo_CI\niftis\Min-Mo-044-060\Min-Mo-060\2\DICOM\DICOM_ax_t2_tse_20260517000000_2.nii.gz
9,Min-Mo-059,3.0,3D,*swi3d1r,1.6,0.02,0.028,15,,2.0,245.645,119,"[0.997441, 0.00890008, -0.0709441, -0.0174104, 0.99259, -0.12026]","['anat', '_acq-swi3p2_run-9_part-mag_T2starw']",W:\MinMo_CI\niftis\Min-Mo-044-060\Min-Mo-059\9\DICOM\DICOM_ax_swi_ge3d_Mag_20260419000000_9.nii.gz
7,Min-Mo-059,3.0,3D,*spcR_42ns,1.0,0.022,0.7,120,27.0,2.0,277.205,630,"[0.998073, 0, -0.0620584, -0.00824275, 0.99114, -0.132566]","['derived', '_acq-spcR4p2_run-7_T2w']",W:\MinMo_CI\niftis\Min-Mo-044-060\Min-Mo-059\7\DICOM\DICOM_t1_space_sag_MPR_Tra_20260419000000_7.nii.gz
6,Min-Mo-059,3.0,3D,*spcR_42ns,1.0,0.022,0.7,120,27.0,2.0,277.205,630,"[0.99941, 0.0340743, -0.0044179, -0.00954618, 0.151847, -0.988358]","['derived', '_acq-spcR4p2_run-6_T2w']",W:\MinMo_CI\niftis\Min-Mo-044-060\Min-Mo-059\6\DICOM\DICOM_t1_space_sag_MPR_Cor_20260419000000_6.nii.gz
5,Min-Mo-059,3.0,3D,*spcR_42ns,3.0,0.022,0.7,120,27.0,2.0,277.205,630,"[0.999535, 0.0303115, 0.00333677, -0.004755, 0.263004, -0.964783]","['derived', '_acq-spcR4p2_run-5_T2w']",W:\MinMo_CI\niftis\Min-Mo-044-060\Min-Mo-059\5\DICOM\DICOM_t1_space_sag_MPR_Cor3mm_20260419000000_5.nii.gz
4,Min-Mo-059,3.0,3D,*spcR_42ns,3.0,0.022,0.7,120,27.0,2.0,277.205,630,"[0.996482, 0, -0.0838044, -0.0135783, 0.986787, -0.161453]","['derived', '_acq-spcR4p2_run-4_T2w']",W:\MinMo_CI\niftis\Min-Mo-044-060\Min-Mo-059\4\DICOM\DICOM_t1_space_sag_MPR_Ax3mm_20260419000000_4.nii.gz
3,Min-Mo-059,3.0,3D,*spcR_42ns,1.0,0.022,0.7,120,27.0,2.0,277.205,630,"[-0.0491498, 0.98642, 0.156716, -0.0364254, 0.155031, -0.987238]","['anat', '_acq-spcR4p2_run-3_T2w']",W:\MinMo_CI\niftis\Min-Mo-044-060\Min-Mo-059\3\DICOM\DICOM_t1_space_sag_20260419000000_3.nii.gz
2,Min-Mo-059,3.0,2D,*tse2d1_17,5.0,0.088,5.52,150,17.0,2.0,182.139,191,"[0.997441, 0.00890008, -0.0709441, -0.0174104, 0.99259, -0.12026]","['anat', '_acq-tse2p2_run-2_T2w']",W:\MinMo_CI\niftis\Min-Mo-044-060\Min-Mo-059\2\DICOM\DICOM_ax_t2_tse_20260419000000_2.nii.gz
13,Min-Mo-059,3.0,2D,*tse2d1_17,5.0,0.088,6.11,150,17.0,2.0,85.519,191,"[0.99389, 0.0823318, -0.0735196, -0.0803749, 0.0833021, -0.993278]","['anat', '_acq-tse2p2_run-13_T2w']",W:\MinMo_CI\niftis\Min-Mo-044-060\Min-Mo-059\13\DICOM\DICOM_cor_t2_tse_20260419000000_13.nii.gz
12,Min-Mo-059,3.0,3D,*swi3d1r,12.8,0.02,0.028,15,,2.0,,119,"[0.997441, 0.00890008, -0.0709441, -0.0174104, 0.99259, -0.12026]","['derived', '_acq-swi3p2_run-12_part-mag_T2starw']",W:\MinMo_CI\niftis\Min-Mo-044-060\Min-Mo-059\12\DICOM\DICOM_ax_swi_ge3d_SWI_mIP_20260419000000_12.nii.gz
11,Min-Mo-059,3.0,3D,*swi3d1r,1.6,0.02,0.028,15,,2.0,245.645,119,"[0.997441, 0.00890008, -0.0709441, -0.0174104, 0.99259, -0.12026]","['anat', '_acq-swi3p2_run-11_part-mag_T2starw']",W:\MinMo_CI\niftis\Min-Mo-044-060\Min-Mo-059\11\DICOM\DICOM_ax_swi_ge3d_SWI_20260419000000_11.nii.gz
10,Min-Mo-059,3.0,3D,*swi3d1r,1.6,0.02,0.028,15,,2.0,245.645,119,"[0.997441, 0.00890008, -0.0709441, -0.0174104, 0.99259, -0.12026]","['anat', '_acq-swi3p2_run-10_part-phase_T2starw']",W:\MinMo_CI\niftis\Min-Mo-044-060\Min-Mo-059\10\DICOM\DICOM_ax_swi_ge3d_Pha_20260419000000_10_ph.nii.gz
23,Min-Mo-057,1.5,2D,*tse2d1_17,5.0,0.092,5.63,150,17.0,2.0,67.539,191,"[0.991745, 0.128224, -0.000616338, -0.0607648, 0.465741, -0.882832]","['anat', '_acq-tse2p2_run-23_T2w']",W:\MinMo_CI\niftis\Min-Mo-044-060\Min-Mo-057\23\DICOM\DICOM_cor_t2_tse_20260412000000_23.nii.gz
22,Min-Mo-057,1.5,3D,*spcR_40ns,1.0,0.0072,0.6,120,40.0,2.0,272.54,630,"[0.996275, 0.0724302, 0.0468057, 0.0084153, 0.458509, -0.88865]","['derived', '_acq-spcR4p2_run-22_T2w']",W:\MinMo_CI\niftis\Min-Mo-044-060\Min-Mo-057\22\DICOM\DICOM_sag_t1_space_MPR_Cor_20260412000000_22.nii.gz
21,Min-Mo-057,1.5,3D,*spcR_40ns,3.0,0.0072,0.6,120,40.0,2.0,272.54,630,"[0.99855, 0.0534867, -0.00601826, -0.0360402, 0.58138, -0.812834]","['derived', '_acq-spcR4p2_run-21_T2w']",W:\MinMo_CI\niftis\Min-Mo-044-060\Min-Mo-057\21\DICOM\DICOM_sag_t1_space_MPR_Cor3mm_20260412000000_21.nii.gz
20,Min-Mo-057,1.5,3D,*spcR_40ns,1.0,0.0072,0.6,120,40.0,2.0,272.54,630,"[0.998354, 0.0532011, -0.0214283, -0.0396763, 0.910413, 0.411793]","['derived', '_acq-spcR4p2_run-20_T2w']",W:\MinMo_CI\niftis\Min-Mo-044-060\Min-Mo-057\20\DICOM\DICOM_sag_t1_space_MPR_Tra_20260412000000_20.nii.gz
2,Min-Mo-057,1.5,2D,*tse2d1_17,5.0,0.092,5.27,150,17.0,2.0,142.269,191,"[0.997301, 0.0698745, 0.0225361, -0.0734188, 0.949156, 0.306125]","['anat', '_acq-tse2p2_run-2_T2w']",W:\MinMo_CI\niftis\Min-Mo-044-060\Min-Mo-057\2\DICOM\DICOM_ax_t2_tse_20260412000000_2.nii.gz
19,Min-Mo-057,1.5,3D,*spcR_40ns,3.0,0.0072,0.6,120,40.0,2.0,272.54,630,"[0.997095, 0.0730888, 0.0214398, -0.0761685, 0.95678, 0.28066]","['derived', '_acq-spcR4p2_run-19_T2w']",W:\MinMo_CI\niftis\Min-Mo-044-060\Min-Mo-057\19\DICOM\DICOM_sag_t1_space_MPR_Ax3mm_20260412000000_19.nii.gz
18,Min-Mo-057,1.5,3D,*spcR_40ns,1.0,0.0072,0.6,120,40.0,2.0,272.54,630,"[-0.0921475, 0.96713, 0.236997, -0.0321859, 0.234992, -0.971464]","['anat', '_acq-spcR4p2_run-18_T2w']",W:\MinMo_CI\niftis\Min-Mo-044-060\Min-Mo-057\18\DICOM\DICOM_sag_t1_space_20260412000000_18.nii.gz
17,Min-Mo-057,1.5,3D,*swi3d1r,16.0,0.04,0.049,15,,2.0,,80,"[0.997302, 0.0698682, 0.0225341, -0.0734122, 0.949157, 0.306125]","['derived', '_acq-swi3p2_run-17_part-mag_T2starw']",W:\MinMo_CI\niftis\Min-Mo-044-060\Min-Mo-057\17\DICOM\DICOM_ax_swi_ge3d_SWI_mIP_20260412000000_17.nii.gz
16,Min-Mo-057,1.5,3D,*swi3d1r,2.0,0.04,0.049,15,,2.0,182.377,80,"[0.997302, 0.0698682, 0.0225341, -0.0734122, 0.949157, 0.306125]","['anat', '_acq-swi3p2_run-16_part-mag_T2starw']",W:\MinMo_CI\niftis\Min-Mo-044-060\Min-Mo-057\16\DICOM\DICOM_ax_swi_ge3d_SWI_20260412000000_16.nii.gz
15,Min-Mo-057,1.5,3D,*swi3d1r,2.0,0.04,0.049,15,,2.0,182.377,80,"[0.997302, 0.0698682, 0.0225341, -0.0734122, 0.949157, 0.306125]","['anat', '_acq-swi3p2_run-15_part-phase_T2starw']",W:\MinMo_CI\niftis\Min-Mo-044-060\Min-Mo-057\15\DICOM\DICOM_ax_swi_ge3d_Pha_20260412000000_15_ph.nii.gz
14,Min-Mo-057,1.5,3D,*swi3d1r,2.0,0.04,0.049,15,,2.0,182.377,80,"[0.997302, 0.0698682, 0.0225341, -0.0734122, 0.949157, 0.306125]","['anat', '_acq-swi3p2_run-14_part-mag_T2starw']",W:\MinMo_CI\niftis\Min-Mo-044-060\Min-Mo-057\14\DICOM\DICOM_ax_swi_ge3d_Mag_20260412000000_14.nii.gz
13,Min-Mo-057,1.5,3D,*spcir_210ns,3.0,0.368,7.0,120,210.0,2.0,182.41,592,"[0.99855, 0.0534867, -0.0060183, -0.0360402, 0.58138, -0.812834]","['derived', '_acq-spcir2p2_run-13']",W:\MinMo_CI\niftis\Min-Mo-044-060\Min-Mo-057\13\DICOM\DICOM_sag_t2flair_fs_spc_MPR_Cor3mm_20260412000000_13.nii.gz
12,Min-Mo-057,1.5,3D,*spcir_210ns,3.0,0.368,7.0,120,210.0,2.0,182.41,592,"[0.997095, 0.0730889, 0.0214397, -0.0761685, 0.95678, 0.28066]","['derived', '_acq-spcir2p2_run-12']",W:\MinMo_CI\niftis\Min-Mo-044-060\Min-Mo-057\12\DICOM\DICOM_sag_t2flair_fs_spc_MPR_Ax3mm_20260412000000_12.nii.gz
11,Min-Mo-057,1.5,3D,*spcir_210ns,1.0,0.368,7.0,120,210.0,2.0,182.41,592,"[-0.0950569, 0.96687, 0.236912, -0.0117107, 0.236887, -0.971467]","['func', '_acq-spcir2p4_dir-RL_run-11_bold']",W:\MinMo_CI\niftis\Min-Mo-044-060\Min-Mo-057\11\DICOM\DICOM_sag_t2flair_fs_spc_20260412000000_11.nii.gz
9,Min-Mo-056,3.0,3D,*spcR_42ns,1.0,0.022,0.7,120,27.0,2.0,305.2,630,"[0.999993, 0.00283687, 0.00242995, 0.00119624, 0.373052, -0.92781]","['derived', '_acq-spcR4p2_run-9_T2w']",W:\MinMo_CI\niftis\Min-Mo-044-060\Min-Mo-056\9\DICOM\DICOM_t1_space_sag_MPR_Cor_20260405000000_9.nii.gz
8,Min-Mo-056,3.0,3D,*spcR_42ns,1.0,0.022,0.7,120,27.0,2.0,305.2,630,"[1, 0, 0, 0, 1, 0]","['derived', '_acq-spcR4p2_run-8_T2w']",W:\MinMo_CI\niftis\Min-Mo-044-060\Min-Mo-056\8\DICOM\DICOM_t1_space_sag_MPR_Tra_20260405000000_8.nii.gz
7,Min-Mo-056,3.0,3D,*spcR_42ns,3.0,0.022,0.7,120,27.0,2.0,305.2,630,"[0.999974, -0.00637832, 0.0033367, 0.00489682, 0.263001, -0.964783]","['derived', '_acq-spcR4p2_run-7_T2w']",W:\MinMo_CI\niftis\Min-Mo-044-060\Min-Mo-056\7\DICOM\DICOM_t1_space_sag_MPR_Cor3mm_20260405000000_7.nii.gz
6,Min-Mo-056,3.0,3D,*spcR_42ns,1.0,0.022,0.7,120,27.0,2.0,305.2,630,"[0.00812235, 0.987601, 0.156778, 0.00581813, 0.156733, -0.987624]","['anat', '_acq-spcR4p2_run-6_T2w']",W:\MinMo_CI\niftis\Min-Mo-044-060\Min-Mo-056\6\DICOM\DICOM_t1_space_sag_20260405000000_6.nii.gz
3,Min-Mo-056,3.0,2D,*tse2d1_17,5.0,0.086,5.52,150,17.0,4.0,38.614,193,"[0.999848, 0.01744, 0.000657711, -0.0174524, 0.999137, 0.0376803]","['anat', '_acq-tse2p4_run-3_T2w']",W:\MinMo_CI\niftis\Min-Mo-044-060\Min-Mo-056\3\DICOM\DICOM_ax_t2_tse_Med_DRS_480_20260405000000_3.nii.gz
2,Min-Mo-056,3.0,2D,*tse2d1_17,5.0,0.088,5.52,150,17.0,2.0,182.139,191,"[0.999848, 0.01744, 0.000657711, -0.0174524, 0.999137, 0.0376803]","['anat', '_acq-tse2p2_run-2_T2w']",W:\MinMo_CI\niftis\Min-Mo-044-060\Min-Mo-056\2\DICOM\DICOM_ax_t2_tse_20260405000000_2.nii.gz
16,Min-Mo-056,3.0,2D,*tse2d1_17,5.0,0.088,6.36,150,17.0,2.0,88.997,191,"[0.999931, -0.0116923, -0.00066859, 0.00272504, 0.287808, -0.957684]","['anat', '_acq-tse2p2_run-16_T2w']",W:\MinMo_CI\niftis\Min-Mo-044-060\Min-Mo-056\16\DICOM\DICOM_cor_t2_tse_20260405000000_16.nii.gz
15,Min-Mo-056,3.0,3D,*swi3d1r,12.8,0.02,0.028,15,,2.0,,119,"[0.999848, 0.01744, 0.000657711, -0.0174524, 0.999137, 0.0376803]","['derived', '_acq-swi3p2_run-15_part-mag_T2starw']",W:\MinMo_CI\niftis\Min-Mo-044-060\Min-Mo-056\15\DICOM\DICOM_ax_swi_ge3d_SWI_mIP_20260405000000_15.nii.gz
14,Min-Mo-056,3.0,3D,*swi3d1r,1.6,0.02,0.028,15,,2.0,245.645,119,"[0.999848, 0.01744, 0.000657711, -0.0174524, 0.999137, 0.0376803]","['anat', '_acq-swi3p2_run-14_part-mag_T2starw']",W:\MinMo_CI\niftis\Min-Mo-044-060\Min-Mo-056\14\DICOM\DICOM_ax_swi_ge3d_SWI_20260405000000_14.nii.gz
13,Min-Mo-056,3.0,3D,*swi3d1r,1.6,0.02,0.028,15,,2.0,245.645,119,"[0.999848, 0.01744, 0.000657711, -0.0174524, 0.999137, 0.0376803]","['anat', '_acq-swi3p2_run-13_part-phase_T2starw']",W:\MinMo_CI\niftis\Min-Mo-044-060\Min-Mo-056\13\DICOM\DICOM_ax_swi_ge3d_Pha_20260405000000_13_ph.nii.gz
12,Min-Mo-056,3.0,3D,*swi3d1r,1.6,0.02,0.028,15,,2.0,245.645,119,"[0.999848, 0.01744, 0.000657711, -0.0174524, 0.999137, 0.0376803]","['anat', '_acq-swi3p2_run-12_part-mag_T2starw']",W:\MinMo_CI\niftis\Min-Mo-044-060\Min-Mo-056\12\DICOM\DICOM_ax_swi_ge3d_Mag_20260405000000_12.nii.gz
10,Min-Mo-056,3.0,3D,*spcR_42ns,3.0,0.022,0.7,120,27.0,2.0,305.2,630,"[1, 0, 0, 0, 0.999683, 0.0251839]","['derived', '_acq-spcR4p2_run-10_T2w']",W:\MinMo_CI\niftis\Min-Mo-044-060\Min-Mo-056\10\DICOM\DICOM_t1_space_sag_MPR_Ax3mm_20260405000000_10.nii.gz
9,Min-Mo-052,3.0,3D,*spcR_42ns,3.0,0.022,0.7,120,27.0,2.0,285.612,630,"[0.996573, 0.0809696, 0.0168964, -0.0827137, 0.975559, 0.203576]","['derived', '_acq-spcR4p2_run-9_T2w']",W:\MinMo_CI\niftis\Min-Mo-044-060\Min-Mo-052\9\DICOM\DICOM_t1_space_sag_MPR_Ax3mm_20260321000000_9.nii.gz
8,Min-Mo-052,3.0,3D,*spcR_42ns,3.0,0.022,0.7,120,27.0,2.0,285.612,630,"[0.996073, 0.0884775, 0.0033367, -0.0200655, 0.26228, -0.964783]","['derived', '_acq-spcR4p2_run-8_T2w']",W:\MinMo_CI\niftis\Min-Mo-044-060\Min-Mo-052\8\DICOM\DICOM_t1_space_sag_MPR_Cor3mm_20260321000000_8.nii.gz
7,Min-Mo-052,3.0,3D,*spcR_42ns,1.0,0.022,0.7,120,27.0,2.0,285.612,630,"[0.993613, 0.112666, 0.0062269, -0.0321852, 0.335871, -0.941358]","['derived', '_acq-spcR4p2_run-7_T2w']",W:\MinMo_CI\niftis\Min-Mo-044-060\Min-Mo-052\7\DICOM\DICOM_t1_space_sag_MPR_Cor_20260321000000_7.nii.gz
6,Min-Mo-052,3.0,3D,*spcR_42ns,1.0,0.022,0.7,120,27.0,2.0,285.612,630,"[-0.114656, 0.983447, 0.140308, -0.0338344, 0.137292, -0.989953]","['anat', '_acq-spcR4p2_run-6_T2w']",W:\MinMo_CI\niftis\Min-Mo-044-060\Min-Mo-052\6\DICOM\DICOM_t1_space_sag_20260321000000_6.nii.gz
3,Min-Mo-052,3.0,2D,*tse2d1_17,5.0,0.086,5.77,150,17.0,4.0,40.369,193,"[0.997391, 0.0705926, 0.0151203, -0.0721938, 0.97527, 0.208893]","['anat', '_acq-tse2p4_run-3_T2w']",W:\MinMo_CI\niftis\Min-Mo-044-060\Min-Mo-052\3\DICOM\DICOM_ax_t2_tse_Med_DRS_480_20260321000000_3.nii.gz
2,Min-Mo-052,3.0,2D,*tse2d1_17,5.0,0.088,5.91,150,17.0,2.0,195.009,191,"[0.997392, 0.0705739, 0.0151162, -0.0721746, 0.975271, 0.208894]","['anat', '_acq-tse2p2_run-2_T2w']",W:\MinMo_CI\niftis\Min-Mo-044-060\Min-Mo-052\2\DICOM\DICOM_ax_t2_tse_20260321000000_2.nii.gz
16,Min-Mo-052,3.0,2D,*tse2d1_17,5.0,0.088,6.11,150,17.0,2.0,73.299,191,"[0.994008, 0.109306, -0.000666119, -0.0333528, 0.29749, -0.954142]","['anat', '_acq-tse2p2_run-16_T2w']",W:\MinMo_CI\niftis\Min-Mo-044-060\Min-Mo-052\16\DICOM\DICOM_cor_t2_tse_20260321000000_16.nii.gz
15,Min-Mo-052,3.0,3D,*swi3d1r,12.8,0.02,0.028,15,,2.0,,119,"[0.997391, 0.0705926, 0.0151203, -0.0721938, 0.97527, 0.208893]","['derived', '_acq-swi3p2_run-15_part-mag_T2starw']",W:\MinMo_CI\niftis\Min-Mo-044-060\Min-Mo-052\15\DICOM\DICOM_ax_swi_ge3d_SWI_mIP_20260321000000_15.nii.gz
14,Min-Mo-052,3.0,3D,*swi3d1r,1.6,0.02,0.028,15,,2.0,266.615,119,"[0.997391, 0.0705926, 0.0151203, -0.0721938, 0.97527, 0.208893]","['anat', '_acq-swi3p2_run-14_part-mag_T2starw']",W:\MinMo_CI\niftis\Min-Mo-044-060\Min-Mo-052\14\DICOM\DICOM_ax_swi_ge3d_SWI_20260321000000_14.nii.gz
13,Min-Mo-052,3.0,3D,*swi3d1r,1.6,0.02,0.028,15,,2.0,266.615,119,"[0.997391, 0.0705926, 0.0151203, -0.0721938, 0.97527, 0.208893]","['anat', '_acq-swi3p2_run-13_part-phase_T2starw']",W:\MinMo_CI\niftis\Min-Mo-044-060\Min-Mo-052\13\DICOM\DICOM_ax_swi_ge3d_Pha_20260321000000_13_ph.nii.gz
12,Min-Mo-052,3.0,3D,*swi3d1r,1.6,0.02,0.028,15,,2.0,266.615,119,"[0.997391, 0.0705926, 0.0151203, -0.0721938, 0.97527, 0.208893]","['anat', '_acq-swi3p2_run-12_part-mag_T2starw']",W:\MinMo_CI\niftis\Min-Mo-044-060\Min-Mo-052\12\DICOM\DICOM_ax_swi_ge3d_Mag_20260321000000_12.nii.gz
10,Min-Mo-052,3.0,3D,*spcR_42ns,1.0,0.022,0.7,120,27.0,2.0,285.612,630,"[0.998485, 0.0538804, 0.0111472, -0.0550214, 0.977778, 0.202292]","['derived', '_acq-spcR4p2_run-10_T2w']",W:\MinMo_CI\niftis\Min-Mo-044-060\Min-Mo-052\10\DICOM\DICOM_t1_space_sag_MPR_Tra_20260321000000_10.nii.gz
00001B65,Min-Mo-032,3.0,3D,*swi3d1r,1.6,0.02,0.028,15,,2.0,245.645,119,"[0.99957, -0.029182, -0.00281417, 0.0293173, 0.994954, 0.0959488]","['anat', '_acq-swi3p2_run-14_part-mag_T2starw']",W:\MinMo_CI\niftis\Min-Mo-021-032\Min-Mo-032\DICOM\00006B9D\AA100FF4\AA57324C\00001B65\00001B65_ax_swi_ge3d_20251231000000_14.nii.gz
000020B8,Min-Mo-032,3.0,3D,*spcir_220ns,1.0,0.392,7.0,120,219.0,3.0,238.217,651,"[0.0480901, 0.953722, 0.296821, 0.0349723, 0.295374, -0.954741]","['func', '_acq-spcir2p3_dir-RL_run-11_bold']",W:\MinMo_CI\niftis\Min-Mo-021-032\Min-Mo-032\DICOM\00006B9D\AA100FF4\AA57324C\000020B8\000020B8_sag_t2_spc_flair_fs_20251231000000_11.nii.gz
00002823,Min-Mo-032,3.0,3D,*spcR_42ns,1.0,0.022,0.7,120,27.0,2.0,305.2,630,"[0.997317, -0.0731796, 0.00209587, 0.0215139, 0.265594, -0.963845]","['derived', '_acq-spcR4p2_run-10_T2w']",W:\MinMo_CI\niftis\Min-Mo-021-032\Min-Mo-032\DICOM\00006B9D\AA100FF4\AA57324C\00002823\00002823_20251231000000_10.nii.gz
0000391B,Min-Mo-032,3.0,2D,*tse2d1_17,5.0,0.086,5.52,150,17.0,4.0,38.614,193,"[0.99957, -0.029182, -0.00281417, 0.0293173, 0.994954, 0.0959488]","['anat', '_acq-tse2p4_run-3_T2w']",W:\MinMo_CI\niftis\Min-Mo-021-032\Min-Mo-032\DICOM\00006B9D\AA100FF4\AA57324C\0000391B\0000391B_ax_t2_tse_Med_DRS_480_20251231000000_3.nii.gz
00007322,Min-Mo-032,3.0,2D,*tse2d1_17,5.0,0.088,5.52,150,17.0,2.0,182.139,191,"[0.999572, -0.0291309, -0.00280925, 0.0292661, 0.994956, 0.0959489]","['anat', '_acq-tse2p2_run-2_T2w']",W:\MinMo_CI\niftis\Min-Mo-021-032\Min-Mo-032\DICOM\00006B9D\AA100FF4\AA57324C\00007322\00007322_ax_t2_tse_20251231000000_2.nii.gz
000085FC,Min-Mo-032,3.0,3D,*spcR_42ns,3.0,0.022,0.7,120,27.0,2.0,305.2,630,"[0.999685, 0, 0.0251144, -0.00063248, 0.999683, 0.025176]","['derived', '_acq-spcR4p2_run-7_T2w']",W:\MinMo_CI\niftis\Min-Mo-021-032\Min-Mo-032\DICOM\00006B9D\AA100FF4\AA57324C\000085FC\000085FC_20251231000000_7.nii.gz
00008D4E,Min-Mo-032,3.0,3D,*spcR_42ns,3.0,0.022,0.7,120,27.0,2.0,305.2,630,"[0.998485, -0.0538821, 0.0111777, 0.0291816, 0.34624, -0.937692]","['derived', '_acq-spcR4p2_run-8_T2w']",W:\MinMo_CI\niftis\Min-Mo-021-032\Min-Mo-032\DICOM\00006B9D\AA100FF4\AA57324C\00008D4E\00008D4E_20251231000000_8.nii.gz
00009177,Min-Mo-032,3.0,3D,*swi3d1r,1.6,0.02,0.028,15,,2.0,245.645,119,"[0.99957, -0.029182, -0.00281417, 0.0293173, 0.994954, 0.0959488]","['anat', '_acq-swi3p2_run-13_part-phase_T2starw']",W:\MinMo_CI\niftis\Min-Mo-021-032\Min-Mo-032\DICOM\00006B9D\AA100FF4\AA57324C\00009177\00009177_ax_swi_ge3d_20251231000000_13_ph.nii.gz
0000BF75,Min-Mo-032,3.0,2D,*tse2d1_17,5.0,0.088,6.36,150,17.0,2.0,88.997,191,"[0.995508, -0.0898871, 0.0297472, 0.062483, 0.387642, -0.91969]","['anat', '_acq-tse2p2_run-16_T2w']",W:\MinMo_CI\niftis\Min-Mo-021-032\Min-Mo-032\DICOM\00006B9D\AA100FF4\AA57324C\0000BF75\0000BF75_cor_t2_tse_20251231000000_16.nii.gz
0000CB9D,Min-Mo-032,3.0,3D,*spcR_42ns,1.0,0.022,0.7,120,27.0,2.0,305.2,630,"[0.0480892, 0.953715, 0.296842, 0.0349734, 0.295396, -0.954735]","['anat', '_acq-spcR4p2_run-6_T2w']",W:\MinMo_CI\niftis\Min-Mo-021-032\Min-Mo-032\DICOM\00006B9D\AA100FF4\AA57324C\0000CB9D\0000CB9D_t1_space_sag_20251231000000_6.nii.gz
0000DEE1,Min-Mo-032,3.0,3D,*spcR_42ns,1.0,0.022,0.7,120,27.0,2.0,305.2,630,"[0.998905, -0.0467886, 0, 0.0467886, 0.998905, 0]","['derived', '_acq-spcR4p2_run-9_T2w']",W:\MinMo_CI\niftis\Min-Mo-021-032\Min-Mo-032\DICOM\00006B9D\AA100FF4\AA57324C\0000DEE1\0000DEE1_20251231000000_9.nii.gz
0000EBC8,Min-Mo-032,3.0,3D,*swi3d1r,1.6,0.02,0.028,15,,2.0,245.645,119,"[0.99957, -0.029182, -0.00281417, 0.0293173, 0.994954, 0.0959488]","['anat', '_acq-swi3p2_run-12_part-mag_T2starw']",W:\MinMo_CI\niftis\Min-Mo-021-032\Min-Mo-032\DICOM\00006B9D\AA100FF4\AA57324C\0000EBC8\0000EBC8_ax_swi_ge3d_20251231000000_12.nii.gz
0000EE6B,Min-Mo-032,3.0,3D,*swi3d1r,12.8,0.02,0.028,15,,2.0,,119,"[0.99957, -0.029182, -0.00281417, 0.0293173, 0.994954, 0.0959488]","['derived', '_acq-swi3p2_run-15_part-mag_T2starw']",W:\MinMo_CI\niftis\Min-Mo-021-032\Min-Mo-032\DICOM\00006B9D\AA100FF4\AA57324C\0000EE6B\0000EE6B_ax_swi_ge3d_20251231000000_15.nii.gz
00004533,Min-Mo-031,3.0,2D,*tse2d1_17,5.0,0.088,5.13,150,17.0,2.0,169.267,191,"[1, 4.732e-12, 1.259e-12, -4.897e-12, 0.96638, 0.257118]","['anat', '_acq-tse2p2_run-2_T2w']",W:\MinMo_CI\niftis\Min-Mo-021-032\Min-Mo-031\DICOM\00007510\AAACB1C2\AAFAF247\00004533\00004533_ax_t2_tse_20251218000000_2.nii.gz
0000A949,Min-Mo-031,3.0,2D,*tse2d1_17,5.0,0.088,5.13,150,17.0,2.0,169.269,191,"[1, 4.732e-12, 1.259e-12, -4.897e-12, 0.96638, 0.257118]","['anat', '_acq-tse2p2_run-4_T2w']",W:\MinMo_CI\niftis\Min-Mo-021-032\Min-Mo-031\DICOM\00007510\AAACB1C2\AAFAF247\0000A949\0000A949_ax_t2_tse_20251218000000_4.nii.gz
0000F5B7,Min-Mo-031,3.0,2D,*tse2d1_17,5.0,0.086,5.52,150,17.0,4.0,38.599,193,"[1, 4.732e-12, 1.259e-12, -4.897e-12, 0.96638, 0.257118]","['anat', '_acq-tse2p4_run-3_T2w']",W:\MinMo_CI\niftis\Min-Mo-021-032\Min-Mo-031\DICOM\00007510\AAACB1C2\AAFAF247\0000F5B7\0000F5B7_ax_t2_tse_Med_DRS_480_20251218000000_3.nii.gz
00002F29,Min-Mo-030,1.5,2D,*tse2d1_17,2.5,0.09,5.62,150,17.0,,213.54,191,"[0.999426, 4.897e-12, 0.033878, -4.894e-12, 1, -1.66e-13]","['anat', '_acq-tse2_run-3_T2w']",W:\MinMo_CI\niftis\Min-Mo-021-032\Min-Mo-030\DICOM\000048D9\AA1C8A45\AA433609\00002F29\00002F29_ax_t2_tse_20251217000000_3.nii.gz
000094B6,Min-Mo-028,1.5,2D,*tse2d1_17,2.5,0.09,5.62,150,17.0,,213.54,191,"[0.994642, 4.897e-12, 0.103378, -4.87e-12, 1, -5.06e-13]","['anat', '_acq-tse2_run-3_T2w']",W:\MinMo_CI\niftis\Min-Mo-021-032\Min-Mo-028\DICOM\0000D216\AAE2A942\AA4A1C24\000094B6\000094B6_ax_t2_tse_20251217000000_3.nii.gz
000009FF,Min-Mo-027,1.5,3D,*spcir_210ns,1.0,0.369,7.0,120,210.0,2.0,196.727,592,"[0.019196, 0.999815, -0.0015708, -4.24029e-05, -0.00157028, -0.999999]","['func', '_acq-spcir2p4_dir-RL_run-10_bold']",W:\MinMo_CI\niftis\Min-Mo-021-032\Min-Mo-027\DICOM\0000885D\AA3EE150\AA0C8827\000009FF\000009FF_sag_t2flair_fs_space_20251217000000_10.nii.gz
0000337C,Min-Mo-027,1.5,3D,*swi3d1r,2.0,0.04,0.049,15,,2.0,187.032,80,"[1, 4.767e-12, 1.121e-12, -4.897e-12, 0.973441, 0.228939]","['anat', '_acq-swi3p2_run-21_part-mag_T2starw']",W:\MinMo_CI\niftis\Min-Mo-021-032\Min-Mo-027\DICOM\0000885D\AA3EE150\AA0C8827\0000337C\0000337C_ax_swi_ge3d_20251217000000_21.nii.gz
00003AE7,Min-Mo-027,1.5,3D,*spcir_210ns,3.0,0.369,7.0,120,210.0,2.0,196.727,592,"[1, 0, 0, 0, 0.992393, 0.123114]","['derived', '_acq-spcir2p2_run-12']",W:\MinMo_CI\niftis\Min-Mo-021-032\Min-Mo-027\DICOM\0000885D\AA3EE150\AA0C8827\00003AE7\00003AE7_20251217000000_12.nii.gz
000049A1,Min-Mo-027,1.5,2D,*tse2d1_17,5.0,0.092,4.78,150,17.0,2.0,157.717,191,"[1, 4.767e-12, 1.121e-12, -4.897e-12, 0.973441, 0.228939]","['anat', '_acq-tse2p2_run-2_T2w']",W:\MinMo_CI\niftis\Min-Mo-021-032\Min-Mo-027\DICOM\0000885D\AA3EE150\AA0C8827\000049A1\000049A1_ax_t2_tse_20251217000000_2.nii.gz
00007743,Min-Mo-027,1.5,3D,*spcR_40ns,1.0,0.0073,0.6,120,40.0,2.0,272.54,630,"[1, 0, 0, 0, 0.993505, 0.113788]","['derived', '_acq-spcR4p2_run-15_T2w']",W:\MinMo_CI\niftis\Min-Mo-021-032\Min-Mo-027\DICOM\0000885D\AA3EE150\AA0C8827\00007743\00007743_20251217000000_15.nii.gz
00008955,Min-Mo-027,1.5,3D,*swi3d1r,16.0,0.04,0.049,15,,2.0,,80,"[1, 4.767e-12, 1.121e-12, -4.897e-12, 0.973441, 0.228939]","['derived', '_acq-swi3p2_run-22_part-mag_T2starw']",W:\MinMo_CI\niftis\Min-Mo-021-032\Min-Mo-027\DICOM\0000885D\AA3EE150\AA0C8827\00008955\00008955_ax_swi_ge3d_20251217000000_22.nii.gz
00009AB7,Min-Mo-027,1.5,3D,*spcir_210ns,3.0,0.369,7.0,120,210.0,2.0,196.727,592,"[1, 0, 0, 0, 0.465111, -0.885252]","['derived', '_acq-spcir2p2_run-11']",W:\MinMo_CI\niftis\Min-Mo-021-032\Min-Mo-027\DICOM\0000885D\AA3EE150\AA0C8827\00009AB7\00009AB7_20251217000000_11.nii.gz
0000C562,Min-Mo-027,1.5,3D,*spcR_40ns,3.0,0.0073,0.6,120,40.0,2.0,272.54,630,"[1, 0, 0, 0, 0.992393, 0.123114]","['derived', '_acq-spcR4p2_run-17_T2w']",W:\MinMo_CI\niftis\Min-Mo-021-032\Min-Mo-027\DICOM\0000885D\AA3EE150\AA0C8827\0000C562\0000C562_20251217000000_17.nii.gz
0000D023,Min-Mo-027,1.5,3D,*spcR_40ns,1.0,0.0073,0.6,120,40.0,2.0,272.54,630,"[1, 0, 0, 0, 0.382941, -0.923773]","['derived', '_acq-spcR4p2_run-18_T2w']",W:\MinMo_CI\niftis\Min-Mo-021-032\Min-Mo-027\DICOM\0000885D\AA3EE150\AA0C8827\0000D023\0000D023_20251217000000_18.nii.gz
0000DC67,Min-Mo-027,1.5,3D,*spcR_40ns,1.0,0.0073,0.6,120,40.0,2.0,272.54,630,"[0, 1, 0, 0, 0, -1]","['anat', '_acq-spcR4p2_run-14_T2w']",W:\MinMo_CI\niftis\Min-Mo-021-032\Min-Mo-027\DICOM\0000885D\AA3EE150\AA0C8827\0000DC67\0000DC67_sag_t1_space_20251217000000_14.nii.gz
0000E1C5,Min-Mo-027,1.5,3D,*swi3d1r,2.0,0.04,0.049,15,,2.0,187.032,80,"[1, 4.767e-12, 1.121e-12, -4.897e-12, 0.973441, 0.228939]","['anat', '_acq-swi3p2_run-19_part-mag_T2starw']",W:\MinMo_CI\niftis\Min-Mo-021-032\Min-Mo-027\DICOM\0000885D\AA3EE150\AA0C8827\0000E1C5\0000E1C5_ax_swi_ge3d_20251217000000_19.nii.gz
0000EF29,Min-Mo-027,1.5,3D,*swi3d1r,2.0,0.04,0.049,15,,2.0,187.032,80,"[1, 4.767e-12, 1.121e-12, -4.897e-12, 0.973441, 0.228939]","['anat', '_acq-swi3p2_run-20_part-phase_T2starw']",W:\MinMo_CI\niftis\Min-Mo-021-032\Min-Mo-027\DICOM\0000885D\AA3EE150\AA0C8827\0000EF29\0000EF29_ax_swi_ge3d_20251217000000_20_ph.nii.gz
0000FA0B,Min-Mo-027,1.5,2D,*tse2d1_17,5.0,0.092,6.36,150,17.0,2.0,88.984,191,"[0.999901, 0.0140508, -0.000636826, -0.00633856, 0.40973, -0.912185]","['anat', '_acq-tse2p2_run-13_T2w']",W:\MinMo_CI\niftis\Min-Mo-021-032\Min-Mo-027\DICOM\0000885D\AA3EE150\AA0C8827\0000FA0B\0000FA0B_cor_t2_tse_20251217000000_13.nii.gz
0000FA1A,Min-Mo-027,1.5,3D,*spcR_40ns,3.0,0.0073,0.6,120,40.0,2.0,272.54,630,"[1, 0, 0, 0, 0.465111, -0.885252]","['derived', '_acq-spcR4p2_run-16_T2w']",W:\MinMo_CI\niftis\Min-Mo-021-032\Min-Mo-027\DICOM\0000885D\AA3EE150\AA0C8827\0000FA1A\0000FA1A_20251217000000_16.nii.gz
00002971,Min-Mo-026,3.0,3D,*swi3d1r,1.6,0.02,0.028,15,,2.0,245.642,119,"[0.995676, 0.0208928, -0.0905143, -0.0173796, 0.999071, 0.0394296]","['anat', '_acq-swi3p2_run-12_part-mag_T2starw']",W:\MinMo_CI\niftis\Min-Mo-021-032\Min-Mo-026\DICOM\000011EE\AAE027E8\AAD3A7CA\00002971\00002971_ax_swi_ge3d_20251204000000_12.nii.gz
00005996,Min-Mo-026,3.0,2D,*tse2d1_17,5.0,0.086,5.52,150,17.0,4.0,38.614,193,"[0.995676, 0.0208928, -0.0905143, -0.0173796, 0.999071, 0.0394296]","['anat', '_acq-tse2p4_run-3_T2w']",W:\MinMo_CI\niftis\Min-Mo-021-032\Min-Mo-026\DICOM\000011EE\AAE027E8\AAD3A7CA\00005996\00005996_ax_t2_tse_Med_DRS_480_20251204000000_3.nii.gz
000068E7,Min-Mo-026,3.0,3D,*spcR_42ns,1.0,0.022,0.7,120,27.0,2.0,277.202,630,"[-0.0372009, 0.99496, 0.093121, -0.0880654, 0.0895589, -0.99208]","['anat', '_acq-spcR4p2_run-6_T2w']",W:\MinMo_CI\niftis\Min-Mo-021-032\Min-Mo-026\DICOM\000011EE\AAE027E8\AAD3A7CA\000068E7\000068E7_t1_space_sag_20251204000000_6.nii.gz
00008835,Min-Mo-026,3.0,3D,*spcir_220ns,1.0,0.392,7.0,120,219.0,3.0,210.717,651,"[-0.0372044, 0.994963, 0.0930808, -0.0880639, 0.0895185, -0.992084]","['func', '_acq-spcir2p3_dir-RL_run-11_bold']",W:\MinMo_CI\niftis\Min-Mo-021-032\Min-Mo-026\DICOM\000011EE\AAE027E8\AAD3A7CA\00008835\00008835_sag_t2_spc_flair_fs_20251204000000_11.nii.gz
00008CC4,Min-Mo-026,3.0,3D,*swi3d1r,1.6,0.02,0.028,15,,2.0,245.642,119,"[0.995676, 0.0208928, -0.0905143, -0.0173796, 0.999071, 0.0394296]","['anat', '_acq-swi3p2_run-13_part-phase_T2starw']",W:\MinMo_CI\niftis\Min-Mo-021-032\Min-Mo-026\DICOM\000011EE\AAE027E8\AAD3A7CA\00008CC4\00008CC4_ax_swi_ge3d_20251204000000_13_ph.nii.gz
00009DF5,Min-Mo-026,3.0,3D,*swi3d1r,1.6,0.02,0.028,15,,2.0,245.642,119,"[0.995676, 0.0208928, -0.0905143, -0.0173796, 0.999071, 0.0394296]","['anat', '_acq-swi3p2_run-14_part-mag_T2starw']",W:\MinMo_CI\niftis\Min-Mo-021-032\Min-Mo-026\DICOM\000011EE\AAE027E8\AAD3A7CA\00009DF5\00009DF5_ax_swi_ge3d_20251204000000_14.nii.gz
0000A045,Min-Mo-026,3.0,3D,*swi3d1r,12.8,0.02,0.028,15,,2.0,,119,"[0.995676, 0.0208928, -0.0905143, -0.0173796, 0.999071, 0.0394296]","['derived', '_acq-swi3p2_run-15_part-mag_T2starw']",W:\MinMo_CI\niftis\Min-Mo-021-032\Min-Mo-026\DICOM\000011EE\AAE027E8\AAD3A7CA\0000A045\0000A045_ax_swi_ge3d_20251204000000_15.nii.gz
0000A6C5,Min-Mo-026,3.0,2D,*tse2d1_17,5.0,0.088,5.52,150,17.0,2.0,182.139,191,"[0.995676, 0.0208928, -0.0905143, -0.0173796, 0.999071, 0.0394296]","['anat', '_acq-tse2p2_run-2_T2w']",W:\MinMo_CI\niftis\Min-Mo-021-032\Min-Mo-026\DICOM\000011EE\AAE027E8\AAD3A7CA\0000A6C5\0000A6C5_ax_t2_tse_20251204000000_2.nii.gz
0000E150,Min-Mo-026,3.0,2D,*tse2d1_17,5.0,0.088,6.36,150,17.0,2.0,88.997,191,"[0.998442, 0.0557964, -0.00069399, -0.00675796, 0.108565, -0.994066]","['anat', '_acq-tse2p2_run-16_T2w']",W:\MinMo_CI\niftis\Min-Mo-021-032\Min-Mo-026\DICOM\000011EE\AAE027E8\AAD3A7CA\0000E150\0000E150_cor_t2_tse_20251204000000_16.nii.gz
0000163F,Min-Mo-025,1.5,3D,*swi3d1r,2.0,0.04,0.049,15,,2.0,187.035,80,"[0.996236, 0.0863558, -0.00752147, -0.0808553, 0.957035, 0.278472]","['anat', '_acq-swi3p2_run-21_part-phase_T2starw']",W:\MinMo_CI\niftis\Min-Mo-021-032\Min-Mo-025\DICOM\000042BD\AA852F01\AA7C0042\0000163F\0000163F_ax_swi_ge3d_20251217000000_21_ph.nii.gz
0000184E,Min-Mo-025,1.5,3D,*swi3d1r,16.0,0.04,0.049,15,,2.0,,80,"[0.996236, 0.0863558, -0.00752147, -0.0808553, 0.957035, 0.278472]","['derived', '_acq-swi3p2_run-23_part-mag_T2starw']",W:\MinMo_CI\niftis\Min-Mo-021-032\Min-Mo-025\DICOM\000042BD\AA852F01\AA7C0042\0000184E\0000184E_ax_swi_ge3d_20251217000000_23.nii.gz
000056D5,Min-Mo-025,1.5,3D,*spcir_210ns,3.0,0.369,7.0,120,210.0,2.0,196.727,592,"[0.992988, 0.113555, 0.0328533, -0.0406331, 0.588858, -0.807214]","['derived', '_acq-spcir2p2_run-13']",W:\MinMo_CI\niftis\Min-Mo-021-032\Min-Mo-025\DICOM\000042BD\AA852F01\AA7C0042\000056D5\000056D5_20251217000000_13.nii.gz
00005DE7,Min-Mo-025,1.5,3D,*spcir_210ns,1.0,0.369,7.0,120,210.0,2.0,196.727,592,"[-0.115181, 0.978036, 0.173722, -0.0435475, 0.169747, -0.984525]","['func', '_acq-spcir2p4_dir-RL_run-11_bold']",W:\MinMo_CI\niftis\Min-Mo-021-032\Min-Mo-025\DICOM\000042BD\AA852F01\AA7C0042\00005DE7\00005DE7_sag_t2flair_fs_space_20251217000000_11.nii.gz
000081ED,Min-Mo-025,1.5,3D,*swi3d1r,2.0,0.04,0.049,15,,2.0,187.035,80,"[0.996236, 0.0863558, -0.00752147, -0.0808553, 0.957035, 0.278472]","['anat', '_acq-swi3p2_run-20_part-mag_T2starw']",W:\MinMo_CI\niftis\Min-Mo-021-032\Min-Mo-025\DICOM\000042BD\AA852F01\AA7C0042\000081ED\000081ED_ax_swi_ge3d_20251217000000_20.nii.gz
0000AD2A,Min-Mo-025,1.5,3D,*swi3d1r,2.0,0.04,0.049,15,,2.0,187.035,80,"[0.996236, 0.0863558, -0.00752147, -0.0808553, 0.957035, 0.278472]","['anat', '_acq-swi3p2_run-22_part-mag_T2starw']",W:\MinMo_CI\niftis\Min-Mo-021-032\Min-Mo-025\DICOM\000042BD\AA852F01\AA7C0042\0000AD2A\0000AD2A_ax_swi_ge3d_20251217000000_22.nii.gz
0000B2CB,Min-Mo-025,1.5,3D,*spcR_40ns,1.0,0.0073,0.6,120,40.0,2.0,247.937,630,"[-0.115179, 0.978027, 0.173774, -0.0435535, 0.169798, -0.984516]","['anat', '_acq-spcR4p2_run-15_T2w']",W:\MinMo_CI\niftis\Min-Mo-021-032\Min-Mo-025\DICOM\000042BD\AA852F01\AA7C0042\0000B2CB\0000B2CB_sag_t1_space_20251217000000_15.nii.gz
0000B840,Min-Mo-025,1.5,3D,*spcR_40ns,3.0,0.0073,0.6,120,40.0,2.0,247.937,630,"[0.992988, 0.113555, 0.0328534, -0.040633, 0.588858, -0.807214]","['derived', '_acq-spcR4p2_run-17_T2w']",W:\MinMo_CI\niftis\Min-Mo-021-032\Min-Mo-025\DICOM\000042BD\AA852F01\AA7C0042\0000B840\0000B840_20251217000000_17.nii.gz
0000D888,Min-Mo-025,1.5,2D,*tse2d1_17,5.0,0.092,5.09,150,17.0,2.0,167.949,191,"[0.996233, 0.0863918, -0.00751098, -0.0808928, 0.957032, 0.278473]","['anat', '_acq-tse2p2_run-3_T2w']",W:\MinMo_CI\niftis\Min-Mo-021-032\Min-Mo-025\DICOM\000042BD\AA852F01\AA7C0042\0000D888\0000D888_ax_t2_tse_20251217000000_3.nii.gz
0000DA8F,Min-Mo-025,1.5,3D,*spcR_40ns,1.0,0.0073,0.6,120,40.0,2.0,247.937,630,"[0.992275, 0.121095, 0.0269625, -0.124061, 0.968557, 0.215655]","['derived', '_acq-spcR4p2_run-18_T2w']",W:\MinMo_CI\niftis\Min-Mo-021-032\Min-Mo-025\DICOM\000042BD\AA852F01\AA7C0042\0000DA8F\0000DA8F_20251217000000_18.nii.gz
0000DBE6,Min-Mo-025,1.5,3D,*spcir_210ns,3.0,0.369,7.0,120,210.0,2.0,196.727,592,"[0.994856, 0.0977279, 0.0266784, -0.101304, 0.959738, 0.261995]","['derived', '_acq-spcir2p2_run-12']",W:\MinMo_CI\niftis\Min-Mo-021-032\Min-Mo-025\DICOM\000042BD\AA852F01\AA7C0042\0000DBE6\0000DBE6_20251217000000_12.nii.gz
0000DE72,Min-Mo-025,1.5,3D,*spcR_40ns,3.0,0.0073,0.6,120,40.0,2.0,247.937,630,"[0.994856, 0.0977279, 0.0266784, -0.101304, 0.959738, 0.261995]","['derived', '_acq-spcR4p2_run-16_T2w']",W:\MinMo_CI\niftis\Min-Mo-021-032\Min-Mo-025\DICOM\000042BD\AA852F01\AA7C0042\0000DE72\0000DE72_20251217000000_16.nii.gz
0000EC62,Min-Mo-025,1.5,2D,*tse2d1_17,5.0,0.092,6.36,150,17.0,2.0,88.997,191,"[0.994782, 0.101174, 0.0131625, -0.0249234, 0.366078, -0.93025]","['anat', '_acq-tse2p2_run-14_T2w']",W:\MinMo_CI\niftis\Min-Mo-021-032\Min-Mo-025\DICOM\000042BD\AA852F01\AA7C0042\0000EC62\0000EC62_cor_t2_tse_20251217000000_14.nii.gz
0000F656,Min-Mo-025,1.5,3D,*spcR_40ns,1.0,0.0073,0.6,120,40.0,2.0,247.937,630,"[0.994617, 0.0995236, 0.0288605, -0.00904942, 0.360871, -0.932572]","['derived', '_acq-spcR4p2_run-19_T2w']",W:\MinMo_CI\niftis\Min-Mo-021-032\Min-Mo-025\DICOM\000042BD\AA852F01\AA7C0042\0000F656\0000F656_20251217000000_19.nii.gz
0000041D,Min-Mo-024,3.0,3D,*swi3d1r,1.6,0.02,0.028,15,,2.0,245.642,119,"[0.998968, 0.0381878, 0.0245971, -0.037678, 0.999072, -0.0208643]","['anat', '_acq-swi3p2_run-13_part-mag_T2starw']",W:\MinMo_CI\niftis\Min-Mo-021-032\Min-Mo-024\DICOM\0000CD50\AAAB7B2C\AAD0BCC4\0000041D\0000041D_ax_swi_ge3d_20251203000000_13.nii.gz
00000E6F,Min-Mo-024,3.0,3D,*swi3d1r,1.6,0.02,0.028,15,,2.0,245.642,119,"[0.998968, 0.0381878, 0.0245971, -0.037678, 0.999072, -0.0208643]","['anat', '_acq-swi3p2_run-15_part-mag_T2starw']",W:\MinMo_CI\niftis\Min-Mo-021-032\Min-Mo-024\DICOM\0000CD50\AAAB7B2C\AAD0BCC4\00000E6F\00000E6F_ax_swi_ge3d_20251203000000_15.nii.gz
00002577,Min-Mo-024,3.0,3D,*spcir_220ns,1.0,0.392,7.0,120,219.0,3.0,238.22,651,"[-0.140681, 0.98947, 0.0340254, -0.00782089, 0.0332555, -0.999416]","['derived', '_acq-spcir2p3_run-9']",W:\MinMo_CI\niftis\Min-Mo-021-032\Min-Mo-024\DICOM\0000CD50\AAAB7B2C\AAD0BCC4\00002577\00002577_20251203000000_9.nii.gz
000025C4,Min-Mo-024,3.0,2D,*tse2d1_17,5.0,0.088,5.52,150,17.0,2.0,182.139,191,"[0.998966, 0.0382448, 0.0245959, -0.037735, 0.99907, -0.0208657]","['anat', '_acq-tse2p2_run-2_T2w']",W:\MinMo_CI\niftis\Min-Mo-021-032\Min-Mo-024\DICOM\0000CD50\AAAB7B2C\AAD0BCC4\000025C4\000025C4_ax_t2_tse_20251203000000_2.nii.gz
00003354,Min-Mo-024,3.0,3D,*spcir_220ns,1.0,0.392,7.0,120,219.0,3.0,238.22,651,"[0.997741, 0.0602064, 0.0297862, -0.0601791, 0.998186, -0.00181427]","['derived', '_acq-spcir2p3_run-10']",W:\MinMo_CI\niftis\Min-Mo-021-032\Min-Mo-024\DICOM\0000CD50\AAAB7B2C\AAD0BCC4\00003354\00003354_20251203000000_10.nii.gz
00003D48,Min-Mo-024,3.0,3D,*swi3d1r,1.6,0.02,0.028,15,,2.0,245.642,119,"[0.998968, 0.0381878, 0.0245971, -0.037678, 0.999072, -0.0208643]","['anat', '_acq-swi3p2_run-14_part-phase_T2starw']",W:\MinMo_CI\niftis\Min-Mo-021-032\Min-Mo-024\DICOM\0000CD50\AAAB7B2C\AAD0BCC4\00003D48\00003D48_ax_swi_ge3d_20251203000000_14_ph.nii.gz
00004502,Min-Mo-024,3.0,3D,*spcir_220ns,1.0,0.392,7.0,120,219.0,3.0,238.22,651,"[-0.129513, 0.991107, 0.0305417, 0.0532827, 0.0377128, -0.997867]","['func', '_acq-spcir2p3_dir-RL_run-7_bold']",W:\MinMo_CI\niftis\Min-Mo-021-032\Min-Mo-024\DICOM\0000CD50\AAAB7B2C\AAD0BCC4\00004502\00004502_sag_t2_spc_flair_fs_20251203000000_7.nii.gz
00007A9D,Min-Mo-024,3.0,2D,*tse2d1_17,5.0,0.086,5.52,150,17.0,4.0,38.614,193,"[0.998968, 0.0381878, 0.0245971, -0.037678, 0.999072, -0.0208643]","['anat', '_acq-tse2p4_run-3_T2w']",W:\MinMo_CI\niftis\Min-Mo-021-032\Min-Mo-024\DICOM\0000CD50\AAAB7B2C\AAD0BCC4\00007A9D\00007A9D_ax_t2_tse_Med_DRS_480_20251203000000_3.nii.gz
0000AF1A,Min-Mo-024,3.0,3D,*swi3d1r,12.8,0.02,0.028,15,,2.0,,119,"[0.998968, 0.0381878, 0.0245971, -0.037678, 0.999072, -0.0208643]","['derived', '_acq-swi3p2_run-16_part-mag_T2starw']",W:\MinMo_CI\niftis\Min-Mo-021-032\Min-Mo-024\DICOM\0000CD50\AAAB7B2C\AAD0BCC4\0000AF1A\0000AF1A_ax_swi_ge3d_20251203000000_16.nii.gz
0000C8A5,Min-Mo-024,3.0,3D,*spcir_220ns,1.0,0.392,7.0,120,219.0,3.0,238.22,651,"[0.993449, 0.114251, -0.00244293, -0.00211049, -0.00303065, -0.999993]","['derived', '_acq-spcir2p3_run-8']",W:\MinMo_CI\niftis\Min-Mo-021-032\Min-Mo-024\DICOM\0000CD50\AAAB7B2C\AAD0BCC4\0000C8A5\0000C8A5_20251203000000_8.nii.gz
0000076B,Min-Mo-023,3.0,3D,*spcir_220ns,1.0,0.392,7.0,120,219.0,3.0,238.22,651,"[0.0499164, 0.993375, 0.103506, -0.108979, 0.108434, -0.988112]","['func', '_acq-spcir2p3_dir-RL_run-12_bold']",W:\MinMo_CI\niftis\Min-Mo-021-032\Min-Mo-023\DICOM\0000E18F\AA0B22C3\AA4D4518\0000076B\0000076B_sag_t2_spc_flair_fs_20251203000000_12.nii.gz
000012F5,Min-Mo-023,3.0,2D,*tse2d1_17,5.0,0.088,5.52,150,17.0,2.0,182.139,191,"[0.98958, -0.0124569, -0.143444, 0.017726, 0.999212, 0.0355134]","['anat', '_acq-tse2p2_run-2_T2w']",W:\MinMo_CI\niftis\Min-Mo-021-032\Min-Mo-023\DICOM\0000E18F\AA0B22C3\AA4D4518\000012F5\000012F5_ax_t2_tse_20251203000000_2.nii.gz
0000253D,Min-Mo-023,3.0,3D,*spcR_42ns,1.0,0.022,0.7,120,27.0,2.0,305.2,630,"[0.99902, -0.0442196, -0.00178867, 0.00943886, 0.252384, -0.967581]","['derived', '_acq-spcR4p2_run-10_T2w']",W:\MinMo_CI\niftis\Min-Mo-021-032\Min-Mo-023\DICOM\0000E18F\AA0B22C3\AA4D4518\0000253D\0000253D_20251203000000_10.nii.gz
000036FD,Min-Mo-023,3.0,3D,*swi3d1r,1.6,0.02,0.028,15,,2.0,245.642,119,"[0.989579, -0.012523, -0.143447, 0.0177915, 0.999211, 0.0355039]","['anat', '_acq-swi3p2_run-13_part-mag_T2starw']",W:\MinMo_CI\niftis\Min-Mo-021-032\Min-Mo-023\DICOM\0000E18F\AA0B22C3\AA4D4518\000036FD\000036FD_ax_swi_ge3d_20251203000000_13.nii.gz
00003DB9,Min-Mo-023,3.0,3D,*spcR_42ns,3.0,0.022,0.7,120,27.0,2.0,305.2,630,"[0.99905, -0.0435566, -0.00119137, 0.00994928, 0.254654, -0.966981]","['derived', '_acq-spcR4p2_run-8_T2w']",W:\MinMo_CI\niftis\Min-Mo-021-032\Min-Mo-023\DICOM\0000E18F\AA0B22C3\AA4D4518\00003DB9\00003DB9_20251203000000_8.nii.gz
00006F06,Min-Mo-023,3.0,3D,*swi3d1r,1.6,0.02,0.028,15,,2.0,245.642,119,"[0.989579, -0.012523, -0.143447, 0.0177915, 0.999211, 0.0355039]","['anat', '_acq-swi3p2_run-15_part-mag_T2starw']",W:\MinMo_CI\niftis\Min-Mo-021-032\Min-Mo-023\DICOM\0000E18F\AA0B22C3\AA4D4518\00006F06\00006F06_ax_swi_ge3d_20251203000000_15.nii.gz
00008875,Min-Mo-023,3.0,3D,*swi3d1r,12.8,0.02,0.028,15,,2.0,,119,"[0.989579, -0.012523, -0.143447, 0.0177915, 0.999211, 0.0355039]","['derived', '_acq-swi3p2_run-16_part-mag_T2starw']",W:\MinMo_CI\niftis\Min-Mo-021-032\Min-Mo-023\DICOM\0000E18F\AA0B22C3\AA4D4518\00008875\00008875_ax_swi_ge3d_20251203000000_16.nii.gz
00009FBD,Min-Mo-023,3.0,3D,*swi3d1r,1.6,0.02,0.028,15,,2.0,245.642,119,"[0.989579, -0.012523, -0.143447, 0.0177915, 0.999211, 0.0355039]","['anat', '_acq-swi3p2_run-14_part-phase_T2starw']",W:\MinMo_CI\niftis\Min-Mo-021-032\Min-Mo-023\DICOM\0000E18F\AA0B22C3\AA4D4518\00009FBD\00009FBD_ax_swi_ge3d_20251203000000_14_ph.nii.gz
0000BBEF,Min-Mo-023,3.0,2D,*tse2d1_17,5.0,0.086,5.52,150,17.0,4.0,38.614,193,"[0.989579, -0.012523, -0.143447, 0.0177915, 0.999211, 0.0355039]","['anat', '_acq-tse2p4_run-5_T2w']",W:\MinMo_CI\niftis\Min-Mo-021-032\Min-Mo-023\DICOM\0000E18F\AA0B22C3\AA4D4518\0000BBEF\0000BBEF_ax_t2_tse_Med_DRS_480_20251203000000_5.nii.gz
0000D75C,Min-Mo-023,3.0,3D,*spcR_42ns,1.0,0.022,0.7,120,27.0,2.0,305.2,630,"[0.0499206, 0.993371, 0.103544, -0.108977, 0.108472, -0.988108]","['anat', '_acq-spcR4p2_run-6_T2w']",W:\MinMo_CI\niftis\Min-Mo-021-032\Min-Mo-023\DICOM\0000E18F\AA0B22C3\AA4D4518\0000D75C\0000D75C_t1_space_sag_20251203000000_6.nii.gz
0000DF45,Min-Mo-023,3.0,3D,*spcR_42ns,3.0,0.022,0.7,120,27.0,2.0,305.2,630,"[0.994279, 0, -0.106815, 0.00269003, 0.999683, 0.0250398]","['derived', '_acq-spcR4p2_run-7_T2w']",W:\MinMo_CI\niftis\Min-Mo-021-032\Min-Mo-023\DICOM\0000E18F\AA0B22C3\AA4D4518\0000DF45\0000DF45_20251203000000_7.nii.gz
0000DF92,Min-Mo-023,3.0,3D,*spcR_42ns,1.0,0.022,0.7,120,27.0,2.0,305.2,630,"[0.993983, 0, -0.109538, 0, 1, 0]","['derived', '_acq-spcR4p2_run-9_T2w']",W:\MinMo_CI\niftis\Min-Mo-021-032\Min-Mo-023\DICOM\0000E18F\AA0B22C3\AA4D4518\0000DF92\0000DF92_20251203000000_9.nii.gz
0000E559,Min-Mo-023,3.0,2D,*tse2d1_17,5.0,0.088,6.36,150,17.0,2.0,89.012,191,"[0.99842, -0.0561817, -0.000675699, 0.0134751, 0.251109, -0.967865]","['anat', '_acq-tse2p2_run-11_T2w']",W:\MinMo_CI\niftis\Min-Mo-021-032\Min-Mo-023\DICOM\0000E18F\AA0B22C3\AA4D4518\0000E559\0000E559_cor_t2_tse_20251203000000_11.nii.gz
000013D5,Min-Mo-022,3.0,2D,*tse2d1_17,5.0,0.086,5.52,150,17.0,4.0,38.614,193,"[0.999815, 0.0162638, -0.0102408, -0.0174518, 0.991457, -0.129262]","['anat', '_acq-tse2p4_run-11_T2w']",W:\MinMo_CI\niftis\Min-Mo-021-032\Min-Mo-022\DICOM\000093AF\AA75036C\AAE2D4E0\000013D5\000013D5_ax_t2_tse_Med_DRS_480_20251129000000_11.nii.gz
00002B9F,Min-Mo-022,3.0,2D,*tse2d1_17,5.0,0.088,6.36,150,17.0,2.0,89.017,191,"[0.999977, 0.00679163, -4.06649e-10, -0.00161834, 0.238279, -0.971195]","['anat', '_acq-tse2p2_run-10_T2w']",W:\MinMo_CI\niftis\Min-Mo-021-032\Min-Mo-022\DICOM\000093AF\AA75036C\AAE2D4E0\00002B9F\00002B9F_cor_t2_tse_20251129000000_10.nii.gz
0000310B,Min-Mo-022,3.0,3D,*spcR_42ns,1.0,0.022,0.7,120,27.0,2.0,305.2,630,"[1, 0, 0, 0, 0.335733, -0.941957]","['derived', '_acq-spcR4p2_run-8_T2w']",W:\MinMo_CI\niftis\Min-Mo-021-032\Min-Mo-022\DICOM\000093AF\AA75036C\AAE2D4E0\0000310B\0000310B_20251129000000_8.nii.gz
00005634,Min-Mo-022,3.0,3D,*spcR_42ns,1.0,0.022,0.7,120,27.0,2.0,305.2,630,"[1, 0, 0, 0, 0.335733, -0.941957]","['derived', '_acq-spcR4p2_run-19_T2w']",W:\MinMo_CI\niftis\Min-Mo-021-032\Min-Mo-022\DICOM\000093AF\AA75036C\AAE2D4E0\00005634\00005634_20251129000000_19.nii.gz
00005BCE,Min-Mo-022,3.0,3D,*spcR_42ns,3.0,0.022,0.7,120,27.0,2.0,305.2,630,"[1, 0, 0, 0, 0.332627, -0.943059]","['derived', '_acq-spcR4p2_run-6_T2w']",W:\MinMo_CI\niftis\Min-Mo-021-032\Min-Mo-022\DICOM\000093AF\AA75036C\AAE2D4E0\00005BCE\00005BCE_20251129000000_6.nii.gz
000066D4,Min-Mo-022,3.0,3D,*spcR_42ns,1.0,0.022,0.7,120,27.0,2.0,305.2,630,"[-0.000593671, 0.995227, 0.097581, 0.0060554, 0.0975828, -0.995209]","['anat', '_acq-spcR4p2_run-15_T2w']",W:\MinMo_CI\niftis\Min-Mo-021-032\Min-Mo-022\DICOM\000093AF\AA75036C\AAE2D4E0\000066D4\000066D4_sag_t1post_space_20251129000000_15.nii.gz
00007B50,Min-Mo-022,3.0,3D,*spcR_42ns,1.0,0.022,0.7,120,27.0,2.0,305.2,630,"[1, 0, 0, 0, 1, 0]","['derived', '_acq-spcR4p2_run-18_T2w']",W:\MinMo_CI\niftis\Min-Mo-021-032\Min-Mo-022\DICOM\000093AF\AA75036C\AAE2D4E0\00007B50\00007B50_20251129000000_18.nii.gz
00009077,Min-Mo-022,3.0,3D,*spcR_42ns,1.0,0.022,0.7,120,27.0,2.0,305.2,630,"[-0.000593671, 0.995227, 0.0975811, 0.0060554, 0.0975829, -0.995209]","['anat', '_acq-spcR4p2_run-5_T2w']",W:\MinMo_CI\niftis\Min-Mo-021-032\Min-Mo-022\DICOM\000093AF\AA75036C\AAE2D4E0\00009077\00009077_t1_space_sag_20251129000000_5.nii.gz
0000C912,Min-Mo-022,3.0,3D,*spcR_42ns,3.0,0.022,0.7,120,27.0,2.0,305.2,630,"[1, 0, 0, 0, 0.999683, 0.0251839]","['derived', '_acq-spcR4p2_run-7_T2w']",W:\MinMo_CI\niftis\Min-Mo-021-032\Min-Mo-022\DICOM\000093AF\AA75036C\AAE2D4E0\0000C912\0000C912_20251129000000_7.nii.gz
0000D7B6,Min-Mo-022,3.0,2D,*tse2d1_17,5.0,0.088,5.52,150,17.0,2.0,182.139,191,"[0.999815, 0.0162638, -0.0102408, -0.0174518, 0.991457, -0.129262]","['anat', '_acq-tse2p2_run-2_T2w']",W:\MinMo_CI\niftis\Min-Mo-021-032\Min-Mo-022\DICOM\000093AF\AA75036C\AAE2D4E0\0000D7B6\0000D7B6_ax_t2_tse_20251129000000_2.nii.gz
0000DB2E,Min-Mo-022,3.0,3D,*spcR_42ns,3.0,0.022,0.7,120,27.0,2.0,305.2,630,"[1, 0, 0, 0, 0.332627, -0.943059]","['derived', '_acq-spcR4p2_run-17_T2w']",W:\MinMo_CI\niftis\Min-Mo-021-032\Min-Mo-022\DICOM\000093AF\AA75036C\AAE2D4E0\0000DB2E\0000DB2E_20251129000000_17.nii.gz
0000DE0C,Min-Mo-022,3.0,3D,*spcR_42ns,1.0,0.022,0.7,120,27.0,2.0,305.2,630,"[1, 0, 0, 0, 1, 0]","['derived', '_acq-spcR4p2_run-9_T2w']",W:\MinMo_CI\niftis\Min-Mo-021-032\Min-Mo-022\DICOM\000093AF\AA75036C\AAE2D4E0\0000DE0C\0000DE0C_20251129000000_9.nii.gz
0000F45D,Min-Mo-022,3.0,3D,*spcR_42ns,3.0,0.022,0.7,120,27.0,2.0,305.2,630,"[1, 0, 0, 0, 0.999683, 0.0251839]","['derived', '_acq-spcR4p2_run-16_T2w']",W:\MinMo_CI\niftis\Min-Mo-021-032\Min-Mo-022\DICOM\000093AF\AA75036C\AAE2D4E0\0000F45D\0000F45D_20251129000000_16.nii.gz
0000001A,Min-Mo-021,3.0,3D,*spcR_42ns,1.0,0.022,0.7,120,27.0,2.0,277.205,630,"[1, 0, 0, 0, 1, 0]","['derived', '_acq-spcR4p2_run-8_T2w']",W:\MinMo_CI\niftis\Min-Mo-021-032\Min-Mo-021\DICOM\0000F27D\AA56F42F\AAF74819\0000001A\0000001A_20251127000000_8.nii.gz
0000059A,Min-Mo-021,3.0,2D,*tse2d1_17,5.0,0.088,5.72,150,17.0,2.0,188.739,191,"[0.999848, 0.0174147, 0.00114689, -0.0174524, 0.997686, 0.065705]","['anat', '_acq-tse2p2_run-2_T2w']",W:\MinMo_CI\niftis\Min-Mo-021-032\Min-Mo-021\DICOM\0000F27D\AA56F42F\AAF74819\0000059A\0000059A_ax_t2_tse_20251127000000_2.nii.gz
0000231A,Min-Mo-021,3.0,3D,*spcir_220ns,1.0,0.392,7.0,120,219.0,3.0,210.715,651,"[-0.0160757, 0.994208, 0.106264, 0.00133278, 0.106299, -0.994333]","['func', '_acq-spcir2p3_dir-RL_run-11_bold']",W:\MinMo_CI\niftis\Min-Mo-021-032\Min-Mo-021\DICOM\0000F27D\AA56F42F\AAF74819\0000231A\0000231A_sag_t2_spc_flair_fs_20251127000000_11.nii.gz
00002567,Min-Mo-021,3.0,3D,*swi3d1r,1.6,0.02,0.028,15,,2.0,245.645,119,"[0.999848, 0.0174147, 0.00114689, -0.0174524, 0.997686, 0.065705]","['anat', '_acq-swi3p2_run-13_part-phase_T2starw']",W:\MinMo_CI\niftis\Min-Mo-021-032\Min-Mo-021\DICOM\0000F27D\AA56F42F\AAF74819\00002567\00002567_ax_swi_ge3d_20251127000000_13_ph.nii.gz
0000468F,Min-Mo-021,3.0,3D,*swi3d1r,1.6,0.02,0.028,15,,2.0,245.645,119,"[0.999848, 0.0174147, 0.00114689, -0.0174524, 0.997686, 0.065705]","['anat', '_acq-swi3p2_run-14_part-mag_T2starw']",W:\MinMo_CI\niftis\Min-Mo-021-032\Min-Mo-021\DICOM\0000F27D\AA56F42F\AAF74819\0000468F\0000468F_ax_swi_ge3d_20251127000000_14.nii.gz
00005132,Min-Mo-021,3.0,3D,*swi3d1r,12.8,0.02,0.028,15,,2.0,,119,"[0.999848, 0.0174147, 0.00114689, -0.0174524, 0.997686, 0.065705]","['derived', '_acq-swi3p2_run-15_part-mag_T2starw']",W:\MinMo_CI\niftis\Min-Mo-021-032\Min-Mo-021\DICOM\0000F27D\AA56F42F\AAF74819\00005132\00005132_ax_swi_ge3d_20251127000000_15.nii.gz
00005DF3,Min-Mo-021,3.0,3D,*spcR_42ns,1.0,0.022,0.7,120,27.0,2.0,277.205,630,"[-0.0160756, 0.994216, 0.106191, 0.00133394, 0.106226, -0.994341]","['anat', '_acq-spcR4p2_run-6_T2w']",W:\MinMo_CI\niftis\Min-Mo-021-032\Min-Mo-021\DICOM\0000F27D\AA56F42F\AAF74819\00005DF3\00005DF3_t1_space_sag_20251127000000_6.nii.gz
000061DD,Min-Mo-021,3.0,3D,*swi3d1r,1.6,0.02,0.028,15,,2.0,245.645,119,"[0.999848, 0.0174147, 0.00114689, -0.0174524, 0.997686, 0.065705]","['anat', '_acq-swi3p2_run-12_part-mag_T2starw']",W:\MinMo_CI\niftis\Min-Mo-021-032\Min-Mo-021\DICOM\0000F27D\AA56F42F\AAF74819\000061DD\000061DD_ax_swi_ge3d_20251127000000_12.nii.gz
00006660,Min-Mo-021,3.0,3D,*spcR_42ns,3.0,0.022,0.7,120,27.0,2.0,277.205,630,"[1, 0, 0, 0, 0.999683, 0.0251839]","['derived', '_acq-spcR4p2_run-9_T2w']",W:\MinMo_CI\niftis\Min-Mo-021-032\Min-Mo-021\DICOM\0000F27D\AA56F42F\AAF74819\00006660\00006660_20251127000000_9.nii.gz
0000798B,Min-Mo-021,3.0,3D,*spcR_42ns,3.0,0.022,0.7,120,27.0,2.0,277.205,630,"[0.999982, 0.00555587, -0.00212431, -0.00351206, 0.26326, -0.964719]","['derived', '_acq-spcR4p2_run-7_T2w']",W:\MinMo_CI\niftis\Min-Mo-021-032\Min-Mo-021\DICOM\0000F27D\AA56F42F\AAF74819\0000798B\0000798B_20251127000000_7.nii.gz
0000D29F,Min-Mo-021,3.0,2D,*tse2d1_17,5.0,0.086,5.57,150,17.0,4.0,38.969,193,"[0.999848, 0.0174147, 0.00114689, -0.0174524, 0.997686, 0.065705]","['anat', '_acq-tse2p4_run-3_T2w']",W:\MinMo_CI\niftis\Min-Mo-021-032\Min-Mo-021\DICOM\0000F27D\AA56F42F\AAF74819\0000D29F\0000D29F_ax_t2_tse_Med_DRS_480_20251127000000_3.nii.gz
0000E360,Min-Mo-021,3.0,2D,*tse2d1_17,5.0,0.088,6.5,150,17.0,2.0,90.977,191,"[0.999568, 0.0293888, -0.000672734, -0.00850269, 0.267134, -0.963622]","['anat', '_acq-tse2p2_run-16_T2w']",W:\MinMo_CI\niftis\Min-Mo-021-032\Min-Mo-021\DICOM\0000F27D\AA56F42F\AAF74819\0000E360\0000E360_cor_t2_tse_20251127000000_16.nii.gz
0000FC3A,Min-Mo-021,3.0,3D,*spcR_42ns,1.0,0.022,0.7,120,27.0,2.0,277.205,630,"[0.999961, 0.00876484, -0.000986759, -0.00328731, 0.266534, -0.96382]","['derived', '_acq-spcR4p2_run-10_T2w']",W:\MinMo_CI\niftis\Min-Mo-021-032\Min-Mo-021\DICOM\0000F27D\AA56F42F\AAF74819\0000FC3A\0000FC3A_20251127000000_10.nii.gz
0000045C,Min-Mo-020,3.0,2D,*tse2d1_17,5.0,0.086,5.57,150,17.0,4.0,38.969,193,"[1, 4.876e-12, -4.5e-13, -4.897e-12, 0.99577, -0.091881]","['anat', '_acq-tse2p4_run-3_T2w']",W:\MinMo_CI\niftis\Min-Mo-011-020\Min-Mo-020\DICOM\00003A0B\AA0AE18F\AA8BA9AE\0000045C\0000045C_ax_t2_tse_Med_DRS_480_20251127000000_3.nii.gz
00007A28,Min-Mo-020,3.0,2D,*tse2d1_17,5.0,0.088,5.72,150,17.0,2.0,188.739,191,"[1, 4.876e-12, -4.5e-13, -4.897e-12, 0.99577, -0.091881]","['anat', '_acq-tse2p2_run-2_T2w']",W:\MinMo_CI\niftis\Min-Mo-011-020\Min-Mo-020\DICOM\00003A0B\AA0AE18F\AA8BA9AE\00007A28\00007A28_ax_t2_tse_20251127000000_2.nii.gz
00000872,Min-Mo-019,3.0,2D,*tse2d1_17,5.0,0.088,6.36,150,17.0,2.0,88.997,191,"[0.99851, -0.0545562, -0.000687835, 0.00865952, 0.170912, -0.985248]","['anat', '_acq-tse2p2_run-16_T2w']",W:\MinMo_CI\niftis\Min-Mo-011-020\Min-Mo-019\DICOM\00008F2E\AA3FA733\AAC5241D\00000872\00000872_cor_t2_tse_20251126000000_16.nii.gz
00000E6B,Min-Mo-019,3.0,3D,*spcR_42ns,1.0,0.022,0.7,120,27.0,2.0,305.2,630,"[0.0487061, 0.986468, 0.15655, -0.0469844, 0.158825, -0.986188]","['anat', '_acq-spcR4p2_run-6_T2w']",W:\MinMo_CI\niftis\Min-Mo-011-020\Min-Mo-019\DICOM\00008F2E\AA3FA733\AAC5241D\00000E6B\00000E6B_t1_space_sag_20251126000000_6.nii.gz
0000110B,Min-Mo-019,3.0,3D,*spcR_42ns,1.0,0.022,0.7,120,27.0,2.0,305.2,630,"[0.999276, -0.0371181, -0.00838738, -0.000863062, 0.198245, -0.980152]","['derived', '_acq-spcR4p2_run-10_T2w']",W:\MinMo_CI\niftis\Min-Mo-011-020\Min-Mo-019\DICOM\00008F2E\AA3FA733\AAC5241D\0000110B\0000110B_20251126000000_10.nii.gz
000016AD,Min-Mo-019,3.0,3D,*spcir_220ns,1.0,0.392,7.0,120,219.0,3.0,238.217,651,"[0.0487061, 0.986468, 0.15655, -0.0469844, 0.158825, -0.986188]","['func', '_acq-spcir2p3_dir-RL_run-11_bold']",W:\MinMo_CI\niftis\Min-Mo-011-020\Min-Mo-019\DICOM\00008F2E\AA3FA733\AAC5241D\000016AD\000016AD_sag_t2_spc_flair_fs_20251126000000_11.nii.gz
0000195F,Min-Mo-019,3.0,3D,*spcR_42ns,3.0,0.022,0.7,120,27.0,2.0,305.2,630,"[0.999583, -0.0270275, -0.0101656, -0.00441925, 0.20471, -0.978813]","['derived', '_acq-spcR4p2_run-18_T2w']",W:\MinMo_CI\niftis\Min-Mo-011-020\Min-Mo-019\DICOM\00008F2E\AA3FA733\AAC5241D\0000195F\0000195F_20251126000000_18.nii.gz
00005107,Min-Mo-019,3.0,3D,*spcR_42ns,3.0,0.022,0.7,120,27.0,2.0,305.2,630,"[1, 0, 0, 0, 0.999683, 0.0251839]","['derived', '_acq-spcR4p2_run-21_T2w']",W:\MinMo_CI\niftis\Min-Mo-011-020\Min-Mo-019\DICOM\00008F2E\AA3FA733\AAC5241D\00005107\00005107_20251126000000_21.nii.gz
00005FCA,Min-Mo-019,3.0,3D,*swi3d1r,1.6,0.02,0.028,15,,2.0,245.642,119,"[0.998591, -0.034514, -0.0403126, 0.0373148, 0.996783, 0.0709267]","['anat', '_acq-swi3p2_run-13_part-phase_T2starw']",W:\MinMo_CI\niftis\Min-Mo-011-020\Min-Mo-019\DICOM\00008F2E\AA3FA733\AAC5241D\00005FCA\00005FCA_ax_swi_ge3d_20251126000000_13_ph.nii.gz
00007208,Min-Mo-019,3.0,3D,*spcR_42ns,1.0,0.022,0.7,120,27.0,2.0,305.2,630,"[0.0487061, 0.986468, 0.15655, -0.0469844, 0.158825, -0.986188]","['anat', '_acq-spcR4p2_run-17_T2w']",W:\MinMo_CI\niftis\Min-Mo-011-020\Min-Mo-019\DICOM\00008F2E\AA3FA733\AAC5241D\00007208\00007208_sag_t1post_space_20251126000000_17.nii.gz
00007EE1,Min-Mo-019,3.0,3D,*spcR_42ns,1.0,0.022,0.7,120,27.0,2.0,305.2,630,"[0.999529, -0.0306438, -0.00156197, 0.0306835, 0.998233, 0.0508806]","['derived', '_acq-spcR4p2_run-9_T2w']",W:\MinMo_CI\niftis\Min-Mo-011-020\Min-Mo-019\DICOM\00008F2E\AA3FA733\AAC5241D\00007EE1\00007EE1_20251126000000_9.nii.gz
000091E1,Min-Mo-019,3.0,3D,*swi3d1r,1.6,0.02,0.028,15,,2.0,245.642,119,"[0.998591, -0.034514, -0.0403126, 0.0373148, 0.996783, 0.0709267]","['anat', '_acq-swi3p2_run-12_part-mag_T2starw']",W:\MinMo_CI\niftis\Min-Mo-011-020\Min-Mo-019\DICOM\00008F2E\AA3FA733\AAC5241D\000091E1\000091E1_ax_swi_ge3d_20251126000000_12.nii.gz
000095B7,Min-Mo-019,3.0,3D,*spcR_42ns,3.0,0.022,0.7,120,27.0,2.0,305.2,630,"[1, 0, 0, 0, 0.999683, 0.0251839]","['derived', '_acq-spcR4p2_run-8_T2w']",W:\MinMo_CI\niftis\Min-Mo-011-020\Min-Mo-019\DICOM\00008F2E\AA3FA733\AAC5241D\000095B7\000095B7_20251126000000_8.nii.gz
0000AE87,Min-Mo-019,3.0,3D,*swi3d1r,12.8,0.02,0.028,15,,2.0,,119,"[0.998591, -0.034514, -0.0403126, 0.0373148, 0.996783, 0.0709267]","['derived', '_acq-swi3p2_run-15_part-mag_T2starw']",W:\MinMo_CI\niftis\Min-Mo-011-020\Min-Mo-019\DICOM\00008F2E\AA3FA733\AAC5241D\0000AE87\0000AE87_ax_swi_ge3d_20251126000000_15.nii.gz
0000C526,Min-Mo-019,3.0,3D,*spcR_42ns,1.0,0.022,0.7,120,27.0,2.0,305.2,630,"[0.999529, -0.0306438, -0.00156197, 0.0306835, 0.998233, 0.0508806]","['derived', '_acq-spcR4p2_run-20_T2w']",W:\MinMo_CI\niftis\Min-Mo-011-020\Min-Mo-019\DICOM\00008F2E\AA3FA733\AAC5241D\0000C526\0000C526_20251126000000_20.nii.gz
0000C5AD,Min-Mo-019,3.0,2D,*tse2d1_17,5.0,0.088,5.52,150,17.0,2.0,182.139,191,"[0.998594, -0.0344273, -0.0403065, 0.0372279, 0.996786, 0.0709302]","['anat', '_acq-tse2p2_run-2_T2w']",W:\MinMo_CI\niftis\Min-Mo-011-020\Min-Mo-019\DICOM\00008F2E\AA3FA733\AAC5241D\0000C5AD\0000C5AD_ax_t2_tse_20251126000000_2.nii.gz
0000CC99,Min-Mo-019,3.0,2D,*tse2d1_17,5.0,0.086,5.52,150,17.0,4.0,38.614,193,"[0.998591, -0.034514, -0.0403126, 0.0373148, 0.996783, 0.0709267]","['anat', '_acq-tse2p4_run-3_T2w']",W:\MinMo_CI\niftis\Min-Mo-011-020\Min-Mo-019\DICOM\00008F2E\AA3FA733\AAC5241D\0000CC99\0000CC99_ax_t2_tse_Med_DRS_480_20251126000000_3.nii.gz
0000D6E6,Min-Mo-019,3.0,3D,*swi3d1r,1.6,0.02,0.028,15,,2.0,245.642,119,"[0.998591, -0.034514, -0.0403126, 0.0373148, 0.996783, 0.0709267]","['anat', '_acq-swi3p2_run-14_part-mag_T2starw']",W:\MinMo_CI\niftis\Min-Mo-011-020\Min-Mo-019\DICOM\00008F2E\AA3FA733\AAC5241D\0000D6E6\0000D6E6_ax_swi_ge3d_20251126000000_14.nii.gz
0000F598,Min-Mo-019,3.0,3D,*spcR_42ns,1.0,0.022,0.7,120,27.0,2.0,305.2,630,"[0.999276, -0.0371181, -0.00838738, -0.000863062, 0.198245, -0.980152]","['derived', '_acq-spcR4p2_run-19_T2w']",W:\MinMo_CI\niftis\Min-Mo-011-020\Min-Mo-019\DICOM\00008F2E\AA3FA733\AAC5241D\0000F598\0000F598_20251126000000_19.nii.gz
0000F94F,Min-Mo-019,3.0,3D,*spcR_42ns,3.0,0.022,0.7,120,27.0,2.0,305.2,630,"[0.999583, -0.0270275, -0.0101656, -0.00441925, 0.20471, -0.978813]","['derived', '_acq-spcR4p2_run-7_T2w']",W:\MinMo_CI\niftis\Min-Mo-011-020\Min-Mo-019\DICOM\00008F2E\AA3FA733\AAC5241D\0000F94F\0000F94F_20251126000000_7.nii.gz
00004124,Min-Mo-018,3.0,2D,*tse2d1_17,5.0,0.088,5.13,150,17.0,2.0,169.269,191,"[0.998955, 0.00624736, -0.045271, -1.62815e-10, 0.990612, 0.136704]","['anat', '_acq-tse2p2_run-2_T2w']",W:\MinMo_CI\niftis\Min-Mo-011-020\Min-Mo-018\DICOM\00009790\AA6245DD\AA5FF5E0\00004124\00004124_ax_t2_tse_20251126000000_2.nii.gz
0000EA4B,Min-Mo-018,3.0,2D,*tse2d1_17,5.0,0.086,5.52,150,17.0,4.0,38.599,193,"[0.998955, 0.00624736, -0.045271, -1.62815e-10, 0.990612, 0.136704]","['anat', '_acq-tse2p4_run-3_T2w']",W:\MinMo_CI\niftis\Min-Mo-011-020\Min-Mo-018\DICOM\00009790\AA6245DD\AA5FF5E0\0000EA4B\0000EA4B_ax_t2_tse_Med_DRS_480_20251126000000_3.nii.gz
00000F9F,Min-Mo-017,3.0,3D,*swi3d1r,1.6,0.02,0.028,15,,2.0,213.5,119,"[0.999947, -0.0102968, 0.000101129, 0.0102973, 0.999899, -0.00982048]","['anat', '_acq-swi3p2_run-11_part-phase_T2starw']",W:\MinMo_CI\niftis\Min-Mo-011-020\Min-Mo-017\DICOM\0000D989\AABB2B5D\AA7DF3FA\00000F9F\00000F9F_ax_swi_ge3d_20251121000000_11_ph.nii.gz
00003097,Min-Mo-017,3.0,3D,*swi3d1r,1.6,0.02,0.028,15,,2.0,213.5,119,"[0.999947, -0.0102968, 0.000101129, 0.0102973, 0.999899, -0.00982048]","['anat', '_acq-swi3p2_run-12_part-mag_T2starw']",W:\MinMo_CI\niftis\Min-Mo-011-020\Min-Mo-017\DICOM\0000D989\AABB2B5D\AA7DF3FA\00003097\00003097_ax_swi_ge3d_20251121000000_12.nii.gz
0000324F,Min-Mo-017,3.0,2D,*tse2d1_17,4.0,0.088,6.11,150,17.0,2.0,164.949,191,"[0.999947, -0.0102775, 0.00010094, 0.010278, 0.999899, -0.00982048]","['anat', '_acq-tse2p2_run-2_T2w']",W:\MinMo_CI\niftis\Min-Mo-011-020\Min-Mo-017\DICOM\0000D989\AABB2B5D\AA7DF3FA\0000324F\0000324F_ax_t2_tse_20251121000000_2.nii.gz
0000531C,Min-Mo-017,3.0,3D,*spcR_42ns,1.0,0.023,0.7,120,27.0,2.0,277.205,630,"[-0.00119957, 0.987634, 0.156773, 0.00890876, 0.156777, -0.987594]","['anat', '_acq-spcR4p2_run-7_T2w']",W:\MinMo_CI\niftis\Min-Mo-011-020\Min-Mo-017\DICOM\0000D989\AABB2B5D\AA7DF3FA\0000531C\0000531C_sag_t1_space_20251121000000_7.nii.gz
00006E9D,Min-Mo-017,3.0,3D,*swi3d1r,12.8,0.02,0.028,15,,2.0,,119,"[0.999947, -0.0102968, 0.000101129, 0.0102973, 0.999899, -0.00982048]","['derived', '_acq-swi3p2_run-13_part-mag_T2starw']",W:\MinMo_CI\niftis\Min-Mo-011-020\Min-Mo-017\DICOM\0000D989\AABB2B5D\AA7DF3FA\00006E9D\00006E9D_ax_swi_ge3d_20251121000000_13.nii.gz
0000797C,Min-Mo-017,3.0,3D,*swi3d1r,1.6,0.02,0.028,15,,2.0,213.5,119,"[0.999947, -0.0102968, 0.000101129, 0.0102973, 0.999899, -0.00982048]","['anat', '_acq-swi3p2_run-10_part-mag_T2starw']",W:\MinMo_CI\niftis\Min-Mo-011-020\Min-Mo-017\DICOM\0000D989\AABB2B5D\AA7DF3FA\0000797C\0000797C_ax_swi_ge3d_20251121000000_10.nii.gz
000084BF,Min-Mo-017,3.0,2D,*tse2d1_17,3.0,0.088,6.0,150,17.0,2.0,149.977,191,"[0.999999, -0.00129847, -0.000580362, 0.000239248, 0.555813, -0.831307]","['anat', '_acq-tse2p2_run-14_T2w']",W:\MinMo_CI\niftis\Min-Mo-011-020\Min-Mo-017\DICOM\0000D989\AABB2B5D\AA7DF3FA\000084BF\000084BF_cor_t2_tse_20251121000000_14.nii.gz
0000A5C5,Min-Mo-017,3.0,2D,*tse2d1_17,4.0,0.086,5.96,150,17.0,4.0,41.699,193,"[0.999947, -0.0102968, 0.000101129, 0.0102973, 0.999899, -0.00982048]","['anat', '_acq-tse2p4_run-3_T2w']",W:\MinMo_CI\niftis\Min-Mo-011-020\Min-Mo-017\DICOM\0000D989\AABB2B5D\AA7DF3FA\0000A5C5\0000A5C5_ax_t2_tse_Med_DRS_480_20251121000000_3.nii.gz
0000AD7F,Min-Mo-017,3.0,3D,*spcir_220ns,1.0,0.392,7.0,120,219.0,3.0,238.22,651,"[-0.00119957, 0.987634, 0.156773, 0.00890876, 0.156777, -0.987594]","['func', '_acq-spcir2p3_dir-RL_run-9_bold']",W:\MinMo_CI\niftis\Min-Mo-011-020\Min-Mo-017\DICOM\0000D989\AABB2B5D\AA7DF3FA\0000AD7F\0000AD7F_sag_t2_spc_flair_fs_20251121000000_9.nii.gz
0000BAD5,Min-Mo-016,3.0,2D,*tse2d1_17,5.0,0.088,5.52,150,17.0,2.0,182.139,191,"[0.999877, -0.015389, -0.0031556, 0.0157092, 0.979496, 0.200851]","['anat', '_acq-tse2p2_run-2_T2w']",W:\MinMo_CI\niftis\Min-Mo-011-020\Min-Mo-016\DICOM\00004F3E\AA841022\AA6E6E6D\0000BAD5\0000BAD5_ax_t2_tse_20251121000000_2.nii.gz
0000DDFE,Min-Mo-016,3.0,2D,*tse2d1_17,5.0,0.086,5.52,150,17.0,4.0,38.614,193,"[0.999877, -0.0153871, -0.00315522, 0.0157073, 0.979496, 0.200851]","['anat', '_acq-tse2p4_run-3_T2w']",W:\MinMo_CI\niftis\Min-Mo-011-020\Min-Mo-016\DICOM\00004F3E\AA841022\AA6E6E6D\0000DDFE\0000DDFE_ax_t2_tse_Med_DRS_480_20251121000000_3.nii.gz
00000F0A,Min-Mo-015,3.0,3D,*spcir_220ns,1.0,0.392,7.0,120,219.0,3.0,238.22,651,"[0.000326674, 0.995033, 0.0995481, -0.0053747, 0.0995484, -0.995018]","['func', '_acq-spcir2p3_dir-RL_run-7_bold']",W:\MinMo_CI\niftis\Min-Mo-011-020\Min-Mo-015\DICOM\00008616\AA27B412\AAA7E5AA\00000F0A\00000F0A_sag_t2_spc_flair_fs_20251120000000_7.nii.gz
000030E6,Min-Mo-015,3.0,3D,*swi3d1r,1.6,0.02,0.028,15,,2.0,245.642,119,"[0.999651, 0.0209861, -0.0160363, -0.017449, 0.98055, 0.195494]","['anat', '_acq-swi3p2_run-14_part-phase_T2starw']",W:\MinMo_CI\niftis\Min-Mo-011-020\Min-Mo-015\DICOM\00008616\AA27B412\AAA7E5AA\000030E6\000030E6_ax_swi_ge3d_20251120000000_14_ph.nii.gz
00003F32,Min-Mo-015,3.0,2D,*tse2d1_17,5.0,0.086,5.52,150,17.0,4.0,38.614,193,"[0.999651, 0.0209861, -0.0160363, -0.017449, 0.98055, 0.195494]","['anat', '_acq-tse2p4_run-3_T2w']",W:\MinMo_CI\niftis\Min-Mo-011-020\Min-Mo-015\DICOM\00008616\AA27B412\AAA7E5AA\00003F32\00003F32_ax_t2_tse_Med_DRS_480_20251120000000_3.nii.gz
0000563E,Min-Mo-015,3.0,3D,*spcir_220ns,1.0,0.392,7.0,120,219.0,3.0,238.22,651,"[1, 0, 0, 0, 0, -1]","['derived', '_acq-spcir2p3_run-8']",W:\MinMo_CI\niftis\Min-Mo-011-020\Min-Mo-015\DICOM\00008616\AA27B412\AAA7E5AA\0000563E\0000563E_20251120000000_8.nii.gz
00005893,Min-Mo-015,3.0,3D,*spcir_220ns,1.0,0.392,7.0,120,219.0,3.0,238.22,651,"[1, 0, 0, 0, 1, 0]","['derived', '_acq-spcir2p3_run-9']",W:\MinMo_CI\niftis\Min-Mo-011-020\Min-Mo-015\DICOM\00008616\AA27B412\AAA7E5AA\00005893\00005893_20251120000000_9.nii.gz
000062BF,Min-Mo-015,3.0,3D,*spcir_220ns,1.0,0.392,7.0,120,219.0,3.0,238.22,651,"[0, 0.995446, 0.0953309, 0, 0.0953309, -0.995446]","['derived', '_acq-spcir2p3_run-10']",W:\MinMo_CI\niftis\Min-Mo-011-020\Min-Mo-015\DICOM\00008616\AA27B412\AAA7E5AA\000062BF\000062BF_20251120000000_10.nii.gz
00007031,Min-Mo-015,3.0,2D,*tse2d1_17,5.0,0.088,5.52,150,17.0,2.0,182.139,191,"[0.999651, 0.0209861, -0.0160363, -0.017449, 0.98055, 0.195494]","['anat', '_acq-tse2p2_run-2_T2w']",W:\MinMo_CI\niftis\Min-Mo-011-020\Min-Mo-015\DICOM\00008616\AA27B412\AAA7E5AA\00007031\00007031_ax_t2_tse_20251120000000_2.nii.gz
000077EA,Min-Mo-015,3.0,3D,*swi3d1r,1.6,0.02,0.028,15,,2.0,245.642,119,"[0.999651, 0.0209861, -0.0160363, -0.017449, 0.98055, 0.195494]","['anat', '_acq-swi3p2_run-15_part-mag_T2starw']",W:\MinMo_CI\niftis\Min-Mo-011-020\Min-Mo-015\DICOM\00008616\AA27B412\AAA7E5AA\000077EA\000077EA_ax_swi_ge3d_20251120000000_15.nii.gz
00009B6A,Min-Mo-015,3.0,3D,*swi3d1r,12.8,0.02,0.028,15,,2.0,,119,"[0.999651, 0.0209861, -0.0160363, -0.017449, 0.98055, 0.195494]","['derived', '_acq-swi3p2_run-16_part-mag_T2starw']",W:\MinMo_CI\niftis\Min-Mo-011-020\Min-Mo-015\DICOM\00008616\AA27B412\AAA7E5AA\00009B6A\00009B6A_ax_swi_ge3d_20251120000000_16.nii.gz
00009BE4,Min-Mo-015,3.0,3D,*swi3d1r,1.6,0.02,0.028,15,,2.0,245.642,119,"[0.999651, 0.0209861, -0.0160363, -0.017449, 0.98055, 0.195494]","['anat', '_acq-swi3p2_run-13_part-mag_T2starw']",W:\MinMo_CI\niftis\Min-Mo-011-020\Min-Mo-015\DICOM\00008616\AA27B412\AAA7E5AA\00009BE4\00009BE4_ax_swi_ge3d_20251120000000_13.nii.gz
00000609,Min-Mo-014,3.0,2D,*tse2d1_17,4.0,0.086,6.34,150,17.0,4.0,44.359,193,"[0.987902, 0.134831, -0.0766131, -0.142183, 0.984739, -0.100369]","['anat', '_acq-tse2p4_run-5_T2w']",W:\MinMo_CI\niftis\Min-Mo-011-020\Min-Mo-014\DICOM\0000CB8D\AAA5C4B1\AAC70605\00000609\00000609_ax_t2_tse_Med_DRS_480_20251119000000_5.nii.gz
00002EBC,Min-Mo-014,3.0,3D,*swi3d1r,1.6,0.02,0.028,15,,2.0,245.645,119,"[0.987902, 0.134831, -0.0766131, -0.142183, 0.984739, -0.100369]","['anat', '_acq-swi3p2_run-24_part-mag_T2starw']",W:\MinMo_CI\niftis\Min-Mo-011-020\Min-Mo-014\DICOM\0000CB8D\AAA5C4B1\AAC70605\00002EBC\00002EBC_ax_swi_ge3d_20251119000000_24.nii.gz
00004169,Min-Mo-014,3.0,3D,*spcR_42ns,0.976562,0.022,0.7,120,27.0,2.0,277.202,630,"[0.990232, 0.1349, -0.0352628, -0.0751486, 0.303318, -0.949921]","['derived', '_acq-spcR4p2_run-20_T2w']",W:\MinMo_CI\niftis\Min-Mo-011-020\Min-Mo-014\DICOM\0000CB8D\AAA5C4B1\AAC70605\00004169\00004169_20251119000000_20.nii.gz
00004B3B,Min-Mo-014,3.0,3D,*spcir_220ns,1.0,0.392,7.0,120,219.0,3.0,238.22,651,"[-0.155719, 0.983219, 0.0950316, -0.0644969, 0.0858796, -0.994216]","['func', '_acq-spcir2p3_dir-RL_run-23_bold']",W:\MinMo_CI\niftis\Min-Mo-011-020\Min-Mo-014\DICOM\0000CB8D\AAA5C4B1\AAC70605\00004B3B\00004B3B_sag_t2_spc_flair_fs_20251119000000_23.nii.gz
00006552,Min-Mo-014,3.0,2D,*tse2d1_17,3.0,0.085,5.72,150,17.0,2.0,142.965,192,"[0.981739, 0.188812, -0.0232099, -0.0715585, 0.253488, -0.964688]","['anat', '_acq-tse2p2_run-29_T2w']",W:\MinMo_CI\niftis\Min-Mo-011-020\Min-Mo-014\DICOM\0000CB8D\AAA5C4B1\AAC70605\00006552\00006552_cor_t2_tse_rpt_20251119000000_29.nii.gz
00007856,Min-Mo-014,3.0,3D,*swi3d1r,1.6,0.02,0.028,15,,2.0,245.645,119,"[0.987902, 0.134831, -0.0766131, -0.142183, 0.984739, -0.100369]","['anat', '_acq-swi3p2_run-26_part-mag_T2starw']",W:\MinMo_CI\niftis\Min-Mo-011-020\Min-Mo-014\DICOM\0000CB8D\AAA5C4B1\AAC70605\00007856\00007856_ax_swi_ge3d_20251119000000_26.nii.gz
00007EFB,Min-Mo-014,3.0,2D,*tse2d1_17,4.0,0.088,6.5,150,17.0,2.0,214.477,191,"[0.987901, 0.134841, -0.0766141, -0.142193, 0.984737, -0.100368]","['anat', '_acq-tse2p2_run-4_T2w']",W:\MinMo_CI\niftis\Min-Mo-011-020\Min-Mo-014\DICOM\0000CB8D\AAA5C4B1\AAC70605\00007EFB\00007EFB_ax_t2_tse_20251119000000_4.nii.gz
00008A68,Min-Mo-014,3.0,2D,*tse2d1_17,3.0,0.088,5.83,150,17.0,2.0,180.699,191,"[0.981739, 0.188812, -0.0232099, -0.0715585, 0.253488, -0.964688]","['anat', '_acq-tse2p2_run-28_T2w']",W:\MinMo_CI\niftis\Min-Mo-011-020\Min-Mo-014\DICOM\0000CB8D\AAA5C4B1\AAC70605\00008A68\00008A68_cor_t2_tse_20251119000000_28.nii.gz
0000AC55,Min-Mo-014,3.0,3D,*spcR_42ns,1.0,0.022,0.7,120,27.0,2.0,277.202,630,"[-0.155716, 0.983215, 0.0950883, -0.0645058, 0.0859357, -0.99421]","['anat', '_acq-spcR4p2_run-16_T2w']",W:\MinMo_CI\niftis\Min-Mo-011-020\Min-Mo-014\DICOM\0000CB8D\AAA5C4B1\AAC70605\0000AC55\0000AC55_sag_t1_space_20251119000000_16.nii.gz
0000AE02,Min-Mo-014,3.0,3D,*spcR_42ns,0.976562,0.022,0.7,120,27.0,2.0,277.202,630,"[-0.153084, 0.971091, 0.183162, -0.299345, 0.13107, -0.9451]","['derived', '_acq-spcR4p2_run-19_T2w']",W:\MinMo_CI\niftis\Min-Mo-011-020\Min-Mo-014\DICOM\0000CB8D\AAA5C4B1\AAC70605\0000AE02\0000AE02_20251119000000_19.nii.gz
0000C53C,Min-Mo-014,3.0,3D,*spcR_42ns,0.976562,0.022,0.7,120,27.0,2.0,277.202,630,"[-0.0782594, 0.996162, 0.0391995, 0.240499, 0.0570234, -0.968973]","['derived', '_acq-spcR4p2_run-17_T2w']",W:\MinMo_CI\niftis\Min-Mo-011-020\Min-Mo-014\DICOM\0000CB8D\AAA5C4B1\AAC70605\0000C53C\0000C53C_20251119000000_17.nii.gz
0000C86F,Min-Mo-014,3.0,3D,*swi3d1r,1.6,0.02,0.028,15,,2.0,245.645,119,"[0.987902, 0.134831, -0.0766131, -0.142183, 0.984739, -0.100369]","['anat', '_acq-swi3p2_run-25_part-phase_T2starw']",W:\MinMo_CI\niftis\Min-Mo-011-020\Min-Mo-014\DICOM\0000CB8D\AAA5C4B1\AAC70605\0000C86F\0000C86F_ax_swi_ge3d_20251119000000_25_ph.nii.gz
0000CBAA,Min-Mo-014,3.0,3D,*swi3d1r,12.8,0.02,0.028,15,,2.0,,119,"[0.987902, 0.134831, -0.0766131, -0.142183, 0.984739, -0.100369]","['derived', '_acq-swi3p2_run-27_part-mag_T2starw']",W:\MinMo_CI\niftis\Min-Mo-011-020\Min-Mo-014\DICOM\0000CB8D\AAA5C4B1\AAC70605\0000CBAA\0000CBAA_ax_swi_ge3d_20251119000000_27.nii.gz
0000EDEC,Min-Mo-014,3.0,3D,*spcR_42ns,0.976562,0.022,0.7,120,27.0,2.0,277.202,630,"[0.995477, 0.0869433, -0.0383055, -0.0459505, 0.0877045, -0.995086]","['derived', '_acq-spcR4p2_run-18_T2w']",W:\MinMo_CI\niftis\Min-Mo-011-020\Min-Mo-014\DICOM\0000CB8D\AAA5C4B1\AAC70605\0000EDEC\0000EDEC_20251119000000_18.nii.gz
00000D26,Min-Mo-013,3.0,3D,*spcR_42ns,1.0,0.022,0.7,120,27.0,2.0,305.2,630,"[-0.00882803, 0.987622, 0.156604, -0.0492696, 0.15599, -0.986529]","['anat', '_acq-spcR4p2_run-9_T2w']",W:\MinMo_CI\niftis\Min-Mo-011-020\Min-Mo-013\DICOM\00003780\AA3D11B4\AA584FB5\00000D26\00000D26_t1_space_sag_20251119000000_9.nii.gz
00001F6B,Min-Mo-013,3.0,3D,*swi3d1r,1.6,0.02,0.028,15,,2.0,245.642,119,"[0.999132, 0.0247592, -0.0334965, -0.0174399, 0.978941, 0.203396]","['anat', '_acq-swi3p2_run-11_part-mag_T2starw']",W:\MinMo_CI\niftis\Min-Mo-011-020\Min-Mo-013\DICOM\00003780\AA3D11B4\AA584FB5\00001F6B\00001F6B_ax_swi_ge3d_20251119000000_11.nii.gz
00002DB4,Min-Mo-013,3.0,2D,*tse2d1_17,5.0,0.088,6.36,150,17.0,2.0,88.997,191,"[0.99909, 0.0426365, -0.000660664, -0.0144044, 0.322872, -0.946333]","['anat', '_acq-tse2p2_run-15_T2w']",W:\MinMo_CI\niftis\Min-Mo-011-020\Min-Mo-013\DICOM\00003780\AA3D11B4\AA584FB5\00002DB4\00002DB4_cor_t2_tse_20251119000000_15.nii.gz
000042C0,Min-Mo-013,3.0,2D,*tse2d1_17,5.0,0.088,5.52,150,17.0,2.0,182.137,191,"[0.999132, 0.0247592, -0.0334965, -0.0174399, 0.978941, 0.203396]","['anat', '_acq-tse2p2_run-2_T2w']",W:\MinMo_CI\niftis\Min-Mo-011-020\Min-Mo-013\DICOM\00003780\AA3D11B4\AA584FB5\000042C0\000042C0_ax_t2_tse_20251119000000_2.nii.gz
00005E48,Min-Mo-013,3.0,3D,*swi3d1r,1.6,0.02,0.028,15,,2.0,245.642,119,"[0.999132, 0.0247592, -0.0334965, -0.0174399, 0.978941, 0.203396]","['anat', '_acq-swi3p2_run-13_part-mag_T2starw']",W:\MinMo_CI\niftis\Min-Mo-011-020\Min-Mo-013\DICOM\00003780\AA3D11B4\AA584FB5\00005E48\00005E48_ax_swi_ge3d_20251119000000_13.nii.gz
00008886,Min-Mo-013,3.0,3D,*swi3d1r,12.8,0.02,0.028,15,,2.0,,119,"[0.999132, 0.0247592, -0.0334965, -0.0174399, 0.978941, 0.203396]","['derived', '_acq-swi3p2_run-14_part-mag_T2starw']",W:\MinMo_CI\niftis\Min-Mo-011-020\Min-Mo-013\DICOM\00003780\AA3D11B4\AA584FB5\00008886\00008886_ax_swi_ge3d_20251119000000_14.nii.gz
0000E6EA,Min-Mo-013,3.0,3D,*swi3d1r,1.6,0.02,0.028,15,,2.0,245.642,119,"[0.999132, 0.0247592, -0.0334965, -0.0174399, 0.978941, 0.203396]","['anat', '_acq-swi3p2_run-12_part-phase_T2starw']",W:\MinMo_CI\niftis\Min-Mo-011-020\Min-Mo-013\DICOM\00003780\AA3D11B4\AA584FB5\0000E6EA\0000E6EA_ax_swi_ge3d_20251119000000_12_ph.nii.gz
0000F039,Min-Mo-013,3.0,2D,*tse2d1_17,5.0,0.086,5.52,150,17.0,4.0,38.614,193,"[0.999132, 0.0247592, -0.0334965, -0.0174399, 0.978941, 0.203396]","['anat', '_acq-tse2p4_run-3_T2w']",W:\MinMo_CI\niftis\Min-Mo-011-020\Min-Mo-013\DICOM\00003780\AA3D11B4\AA584FB5\0000F039\0000F039_ax_t2_tse_Med_DRS_480_20251119000000_3.nii.gz
0000F83E,Min-Mo-013,3.0,3D,*spcir_220ns,1.0,0.392,7.0,120,219.0,3.0,238.22,651,"[-0.00882803, 0.987622, 0.156604, -0.0492696, 0.15599, -0.986529]","['func', '_acq-spcir2p3_dir-RL_run-10_bold']",W:\MinMo_CI\niftis\Min-Mo-011-020\Min-Mo-013\DICOM\00003780\AA3D11B4\AA584FB5\0000F83E\0000F83E_sag_t2_spc_flair_fs_20251119000000_10.nii.gz
00000925,Min-Mo-012,3.0,3D,*spcR_42ns,1.0,0.022,0.7,120,27.0,2.0,305.2,630,"[0.997387, 0, -0.0722422, 0.00753669, 0.994543, 0.104053]","['derived', '_acq-spcR4p2_run-9_T2w']",W:\MinMo_CI\niftis\Min-Mo-011-020\Min-Mo-012\DICOM\00008964\AAC745FF\AA9CA8A3\00000925\00000925_20251118000000_9.nii.gz
00001134,Min-Mo-012,3.0,3D,*spcR_42ns,1.0,0.022,0.7,120,27.0,2.0,305.2,630,"[-0.050534, 0.996059, 0.0728927, -0.073632, 0.0690716, -0.994891]","['anat', '_acq-spcR4p2_run-6_T2w']",W:\MinMo_CI\niftis\Min-Mo-011-020\Min-Mo-012\DICOM\00008964\AAC745FF\AA9CA8A3\00001134\00001134_t1_space_sag_20251118000000_6.nii.gz
00001A7D,Min-Mo-012,3.0,2D,*tse2d1_17,5.0,0.088,6.36,150,17.0,2.0,88.997,191,"[0.998779, 0.0493874, -0.000686592, -0.00961644, 0.180804, -0.983472]","['anat', '_acq-tse2p2_run-16_T2w']",W:\MinMo_CI\niftis\Min-Mo-011-020\Min-Mo-012\DICOM\00008964\AAC745FF\AA9CA8A3\00001A7D\00001A7D_cor_t2_tse_20251118000000_16.nii.gz
00002F4A,Min-Mo-012,3.0,3D,*swi3d1r,12.8,0.02,0.028,15,,2.0,,119,"[0.997153, 0.026202, -0.0707024, -0.0174054, 0.992343, 0.122281]","['derived', '_acq-swi3p2_run-15_part-mag_T2starw']",W:\MinMo_CI\niftis\Min-Mo-011-020\Min-Mo-012\DICOM\00008964\AAC745FF\AA9CA8A3\00002F4A\00002F4A_ax_swi_ge3d_20251118000000_15.nii.gz
000053BA,Min-Mo-012,3.0,2D,*tse2d1_17,5.0,0.088,5.52,150,17.0,2.0,182.139,191,"[0.997153, 0.026202, -0.0707024, -0.0174054, 0.992343, 0.122281]","['anat', '_acq-tse2p2_run-2_T2w']",W:\MinMo_CI\niftis\Min-Mo-011-020\Min-Mo-012\DICOM\00008964\AAC745FF\AA9CA8A3\000053BA\000053BA_ax_t2_tse_20251118000000_2.nii.gz
00005822,Min-Mo-012,3.0,3D,*spcR_42ns,1.0,0.022,0.7,120,27.0,2.0,305.2,630,"[0.998452, 0.0553975, -0.00488758, -0.0127909, 0.143225, -0.989607]","['derived', '_acq-spcR4p2_run-8_T2w']",W:\MinMo_CI\niftis\Min-Mo-011-020\Min-Mo-012\DICOM\00008964\AAC745FF\AA9CA8A3\00005822\00005822_20251118000000_8.nii.gz
00005AD8,Min-Mo-012,3.0,3D,*spcR_42ns,3.0,0.022,0.7,120,27.0,2.0,305.2,630,"[0.996073, 0.0833997, 0.0297308, -0.0200654, 0.539678, -0.841632]","['derived', '_acq-spcR4p2_run-7_T2w']",W:\MinMo_CI\niftis\Min-Mo-011-020\Min-Mo-012\DICOM\00008964\AAC745FF\AA9CA8A3\00005AD8\00005AD8_20251118000000_7.nii.gz
00006FEA,Min-Mo-012,3.0,3D,*swi3d1r,1.6,0.02,0.028,15,,2.0,266.617,119,"[0.997153, 0.026202, -0.0707024, -0.0174054, 0.992343, 0.122281]","['anat', '_acq-swi3p2_run-13_part-phase_T2starw']",W:\MinMo_CI\niftis\Min-Mo-011-020\Min-Mo-012\DICOM\00008964\AAC745FF\AA9CA8A3\00006FEA\00006FEA_ax_swi_ge3d_20251118000000_13_ph.nii.gz
0000811B,Min-Mo-012,3.0,3D,*spcir_220ns,1.0,0.392,7.0,120,219.0,3.0,238.217,651,"[-0.0505345, 0.996059, 0.0728856, -0.0736317, 0.0690645, -0.994891]","['func', '_acq-spcir2p3_dir-RL_run-11_bold']",W:\MinMo_CI\niftis\Min-Mo-011-020\Min-Mo-012\DICOM\00008964\AAC745FF\AA9CA8A3\0000811B\0000811B_sag_t2_spc_flair_fs_20251118000000_11.nii.gz
00008900,Min-Mo-012,3.0,3D,*swi3d1r,1.6,0.02,0.028,15,,2.0,266.617,119,"[0.997153, 0.026202, -0.0707024, -0.0174054, 0.992343, 0.122281]","['anat', '_acq-swi3p2_run-12_part-mag_T2starw']",W:\MinMo_CI\niftis\Min-Mo-011-020\Min-Mo-012\DICOM\00008964\AAC745FF\AA9CA8A3\00008900\00008900_ax_swi_ge3d_20251118000000_12.nii.gz
00008D72,Min-Mo-012,3.0,2D,*tse2d1_17,5.0,0.088,6.36,150,17.0,2.0,88.997,191,"[0.993983, 0.109533, -0.000684523, -0.0221902, 0.195243, -0.980504]","['anat', '_acq-tse2p2_run-18_T2w']",W:\MinMo_CI\niftis\Min-Mo-011-020\Min-Mo-012\DICOM\00008964\AAC745FF\AA9CA8A3\00008D72\00008D72_cor_t2_tse_20251118000000_18.nii.gz
00009756,Min-Mo-012,3.0,3D,*spcR_42ns,3.0,0.022,0.7,120,27.0,2.0,305.2,630,"[0.998344, 0, -0.0575343, 0.00768819, 0.991032, 0.133407]","['derived', '_acq-spcR4p2_run-10_T2w']",W:\MinMo_CI\niftis\Min-Mo-011-020\Min-Mo-012\DICOM\00008964\AAC745FF\AA9CA8A3\00009756\00009756_20251118000000_10.nii.gz
0000A580,Min-Mo-012,3.0,3D,*swi3d1r,1.6,0.02,0.028,15,,2.0,266.617,119,"[0.997153, 0.026202, -0.0707024, -0.0174054, 0.992343, 0.122281]","['anat', '_acq-swi3p2_run-14_part-mag_T2starw']",W:\MinMo_CI\niftis\Min-Mo-011-020\Min-Mo-012\DICOM\00008964\AAC745FF\AA9CA8A3\0000A580\0000A580_ax_swi_ge3d_20251118000000_14.nii.gz
0000B06C,Min-Mo-012,3.0,2D,*tse2d1_17,5.0,0.086,5.52,150,17.0,4.0,38.614,193,"[0.997153, 0.026202, -0.0707024, -0.0174054, 0.992343, 0.122281]","['anat', '_acq-tse2p4_run-3_T2w']",W:\MinMo_CI\niftis\Min-Mo-011-020\Min-Mo-012\DICOM\00008964\AAC745FF\AA9CA8A3\0000B06C\0000B06C_ax_t2_tse_Med_DRS_480_20251118000000_3.nii.gz
00001A55,Min-Mo-011,3.0,3D,*spcR_42ns,1.0,0.022,0.7,120,27.0,2.0,277.205,630,"[-0.020993, 0.987411, 0.156778, -0.00757605, 0.156651, -0.987625]","['anat', '_acq-spcR4p2_run-5_T2w']",W:\MinMo_CI\niftis\Min-Mo-011-020\Min-Mo-011\DICOM\0000679B\AACFD82F\AA304FD7\00001A55\00001A55_sag_t1post_space_20251118000000_5.nii.gz
00002085,Min-Mo-011,3.0,3D,*spcR_42ns,3.0,0.022,0.7,120,27.0,2.0,277.205,630,"[1, 0, 0, 0, 0.981841, 0.189704]","['derived', '_acq-spcR4p2_run-7_T2w']",W:\MinMo_CI\niftis\Min-Mo-011-020\Min-Mo-011\DICOM\0000679B\AACFD82F\AA304FD7\00002085\00002085_20251118000000_7.nii.gz
00002468,Min-Mo-011,3.0,3D,*spcR_42ns,1.0,0.022,0.7,120,27.0,2.0,277.205,630,"[0.999978, 0.00602808, -0.00257667, -0.00444249, 0.334067, -0.942539]","['derived', '_acq-spcR4p2_run-9_T2w']",W:\MinMo_CI\niftis\Min-Mo-011-020\Min-Mo-011\DICOM\0000679B\AACFD82F\AA304FD7\00002468\00002468_20251118000000_9.nii.gz
00002C8C,Min-Mo-011,3.0,3D,*spcR_42ns,1.0,0.022,0.7,120,27.0,2.0,277.205,630,"[-0.000944469, 0.993437, 0.114377, 0.0219369, 0.11437, -0.993196]","['anat', '_acq-spcR4p2_run-6_T2w']",W:\MinMo_CI\niftis\Min-Mo-011-020\Min-Mo-011\DICOM\0000679B\AACFD82F\AA304FD7\00002C8C\00002C8C_t1_space_sag_20251118000000_6.nii.gz
00003F0D,Min-Mo-011,3.0,2D,*tse2d1_17,5.0,0.088,6.36,150,17.0,2.0,89.017,191,"[0.999384, 0.0350748, -0.000672749, -0.0100196, 0.267004, -0.963643]","['anat', '_acq-tse2p2_run-16_T2w']",W:\MinMo_CI\niftis\Min-Mo-011-020\Min-Mo-011\DICOM\0000679B\AACFD82F\AA304FD7\00003F0D\00003F0D_cor_t2_tse_20251118000000_16.nii.gz
00008245,Min-Mo-011,3.0,2D,*tse2d1_17,5.0,0.086,5.77,150,17.0,4.0,40.369,193,"[0.999848, 0.0171905, 0.00301232, -0.0174524, 0.984842, 0.172576]","['anat', '_acq-tse2p4_run-3_T2w']",W:\MinMo_CI\niftis\Min-Mo-011-020\Min-Mo-011\DICOM\0000679B\AACFD82F\AA304FD7\00008245\00008245_ax_t2_tse_Med_DRS_480_20251118000000_3.nii.gz
0000883C,Min-Mo-011,3.0,3D,*swi3d1r,1.6,0.02,0.028,15,,2.0,245.645,119,"[0.999848, 0.0171905, 0.00301232, -0.0174524, 0.984842, 0.172576]","['anat', '_acq-swi3p2_run-14_part-mag_T2starw']",W:\MinMo_CI\niftis\Min-Mo-011-020\Min-Mo-011\DICOM\0000679B\AACFD82F\AA304FD7\0000883C\0000883C_ax_swi_ge3d_20251118000000_14.nii.gz
00008B6C,Min-Mo-011,3.0,3D,*spcir_220ns,1.0,0.392,7.0,120,219.0,3.0,210.717,651,"[-0.000944751, 0.993436, 0.11439, 0.0219368, 0.114383, -0.993195]","['func', '_acq-spcir2p3_dir-RL_run-11_bold']",W:\MinMo_CI\niftis\Min-Mo-011-020\Min-Mo-011\DICOM\0000679B\AACFD82F\AA304FD7\00008B6C\00008B6C_sag_t2_spc_flair_fs_20251118000000_11.nii.gz
000095BE,Min-Mo-011,3.0,3D,*swi3d1r,1.6,0.02,0.028,15,,2.0,245.645,119,"[0.999848, 0.0171905, 0.00301232, -0.0174524, 0.984842, 0.172576]","['anat', '_acq-swi3p2_run-12_part-mag_T2starw']",W:\MinMo_CI\niftis\Min-Mo-011-020\Min-Mo-011\DICOM\0000679B\AACFD82F\AA304FD7\000095BE\000095BE_ax_swi_ge3d_20251118000000_12.nii.gz
00009648,Min-Mo-011,3.0,3D,*spcR_42ns,1.0,0.022,0.7,120,27.0,2.0,277.205,630,"[1, 0, 0, 0, 0.980198, 0.198021]","['derived', '_acq-spcR4p2_run-8_T2w']",W:\MinMo_CI\niftis\Min-Mo-011-020\Min-Mo-011\DICOM\0000679B\AACFD82F\AA304FD7\00009648\00009648_20251118000000_8.nii.gz
000099F0,Min-Mo-011,3.0,3D,*spcR_42ns,3.0,0.022,0.7,120,27.0,2.0,277.205,630,"[0.99999, 0.00295617, 0.0033367, 0.00244164, 0.263035, -0.964783]","['derived', '_acq-spcR4p2_run-10_T2w']",W:\MinMo_CI\niftis\Min-Mo-011-020\Min-Mo-011\DICOM\0000679B\AACFD82F\AA304FD7\000099F0\000099F0_20251118000000_10.nii.gz
0000A844,Min-Mo-011,3.0,3D,*swi3d1r,1.6,0.02,0.028,15,,2.0,245.645,119,"[0.999848, 0.0171905, 0.00301232, -0.0174524, 0.984842, 0.172576]","['anat', '_acq-swi3p2_run-13_part-phase_T2starw']",W:\MinMo_CI\niftis\Min-Mo-011-020\Min-Mo-011\DICOM\0000679B\AACFD82F\AA304FD7\0000A844\0000A844_ax_swi_ge3d_20251118000000_13_ph.nii.gz
0000CBD9,Min-Mo-011,3.0,2D,*tse2d1_17,5.0,0.088,5.91,150,17.0,2.0,195.009,191,"[0.999848, 0.0171905, 0.00301232, -0.0174524, 0.984842, 0.172576]","['anat', '_acq-tse2p2_run-2_T2w']",W:\MinMo_CI\niftis\Min-Mo-011-020\Min-Mo-011\DICOM\0000679B\AACFD82F\AA304FD7\0000CBD9\0000CBD9_ax_t2_tse_20251118000000_2.nii.gz
0000EE88,Min-Mo-011,3.0,3D,*swi3d1r,12.8,0.02,0.028,15,,2.0,,119,"[0.999848, 0.0171905, 0.00301232, -0.0174524, 0.984842, 0.172576]","['derived', '_acq-swi3p2_run-15_part-mag_T2starw']",W:\MinMo_CI\niftis\Min-Mo-011-020\Min-Mo-011\DICOM\0000679B\AACFD82F\AA304FD7\0000EE88\0000EE88_ax_swi_ge3d_20251118000000_15.nii.gz
00000C5E,Min-Mo-010,3.0,2D,*tse2d1_17,5.0,0.088,5.52,150,17.0,2.0,165.579,191,"[0.996674, -0.0606974, 0.0543844, 0.0606152, 0.998156, 0.00316104]","['anat', '_acq-tse2p2_run-2_T2w']",W:\MinMo_CI\niftis\Min-Mo-006 to 010\Min-Mo-010\DICOM\0000AEC8\AA02806E\AA5C7CB0\00000C5E\00000C5E_ax_t2_tse_20251114000000_2.nii.gz
0000E508,Min-Mo-010,3.0,2D,*tse2d1_17,5.0,0.086,5.38,150,17.0,4.0,32.259,193,"[0.996674, -0.0606922, 0.0543844, 0.06061, 0.998157, 0.00316075]","['anat', '_acq-tse2p4_run-3_T2w']",W:\MinMo_CI\niftis\Min-Mo-006 to 010\Min-Mo-010\DICOM\0000AEC8\AA02806E\AA5C7CB0\0000E508\0000E508_ax_t2_tse_Med_DRS_480_20251114000000_3.nii.gz
00002691,Min-Mo-009,3.0,3D,*swi3d1r,1.6,0.02,0.028,15,,2.0,245.645,119,"[0.998578, 0.0177751, -0.0502554, -0.0174302, 0.999821, 0.00729133]","['anat', '_acq-swi3p2_run-14_part-phase_T2starw']",W:\MinMo_CI\niftis\Min-Mo-006 to 010\Min-Mo-009\DICOM\0000358D\AA664389\AA81B654\00002691\00002691_ax_swi_ge3d_20251113000000_14_ph.nii.gz
00003A73,Min-Mo-009,3.0,3D,*swi3d1r,1.6,0.02,0.028,15,,2.0,245.645,119,"[0.998578, 0.0177751, -0.0502554, -0.0174302, 0.999821, 0.00729133]","['anat', '_acq-swi3p2_run-13_part-mag_T2starw']",W:\MinMo_CI\niftis\Min-Mo-006 to 010\Min-Mo-009\DICOM\0000358D\AA664389\AA81B654\00003A73\00003A73_ax_swi_ge3d_20251113000000_13.nii.gz
00005A59,Min-Mo-009,3.0,3D,*spcir_220ns,1.0,0.392,7.0,120,219.0,3.0,238.22,651,"[-0.0847701, 0.995496, 0.0424497, -0.0388789, 0.0392659, -0.998472]","['func', '_acq-spcir2p3_dir-RL_run-7_bold']",W:\MinMo_CI\niftis\Min-Mo-006 to 010\Min-Mo-009\DICOM\0000358D\AA664389\AA81B654\00005A59\00005A59_sag_t2_spc_flair_fs_20251113000000_7.nii.gz
000065C5,Min-Mo-009,3.0,3D,*spcir_220ns,1.0,0.392,7.0,120,219.0,3.0,238.22,651,"[0.99797, 0.0521697, -0.0365284, -0.0521357, 0.998638, 0.00188179]","['derived', '_acq-spcir2p3_run-8']",W:\MinMo_CI\niftis\Min-Mo-006 to 010\Min-Mo-009\DICOM\0000358D\AA664389\AA81B654\000065C5\000065C5_20251113000000_8.nii.gz
0000736D,Min-Mo-009,3.0,2D,*tse2d1_17,5.0,0.088,5.91,150,17.0,2.0,195.009,191,"[0.998578, 0.0177751, -0.0502554, -0.0174302, 0.999821, 0.00729133]","['anat', '_acq-tse2p2_run-2_T2w']",W:\MinMo_CI\niftis\Min-Mo-006 to 010\Min-Mo-009\DICOM\0000358D\AA664389\AA81B654\0000736D\0000736D_ax_t2_tse_20251113000000_2.nii.gz
00009949,Min-Mo-009,3.0,3D,*spcR_42ns,1.0,0.022,0.7,120,27.0,2.0,305.2,630,"[0.997306, 0.073358, 0.000606327, -0.0251824, 0.350095, -0.936376]","['derived', '_acq-spcR4p2_run-18_T2w']",W:\MinMo_CI\niftis\Min-Mo-006 to 010\Min-Mo-009\DICOM\0000358D\AA664389\AA81B654\00009949\00009949_20251113000000_18.nii.gz
0000A7D4,Min-Mo-009,3.0,2D,*tse2d1_17,5.0,0.086,5.77,150,17.0,4.0,40.369,193,"[0.998578, 0.0177751, -0.0502554, -0.0174302, 0.999821, 0.00729133]","['anat', '_acq-tse2p4_run-3_T2w']",W:\MinMo_CI\niftis\Min-Mo-006 to 010\Min-Mo-009\DICOM\0000358D\AA664389\AA81B654\0000A7D4\0000A7D4_ax_t2_tse_Med_DRS_480_20251113000000_3.nii.gz
0000B10A,Min-Mo-009,3.0,3D,*spcR_42ns,1.0,0.022,0.7,120,27.0,2.0,305.2,630,"[-0.10142, 0.982423, 0.156716, -0.0445996, 0.15288, -0.987238]","['anat', '_acq-spcR4p2_run-17_T2w']",W:\MinMo_CI\niftis\Min-Mo-006 to 010\Min-Mo-009\DICOM\0000358D\AA664389\AA81B654\0000B10A\0000B10A_sag_t1post_space_20251113000000_17.nii.gz
0000BC10,Min-Mo-009,3.0,3D,*swi3d1r,12.8,0.02,0.028,15,,2.0,,119,"[0.998578, 0.0177751, -0.0502554, -0.0174302, 0.999821, 0.00729133]","['derived', '_acq-swi3p2_run-16_part-mag_T2starw']",W:\MinMo_CI\niftis\Min-Mo-006 to 010\Min-Mo-009\DICOM\0000358D\AA664389\AA81B654\0000BC10\0000BC10_ax_swi_ge3d_20251113000000_16.nii.gz
0000C403,Min-Mo-009,3.0,3D,*spcir_220ns,1.0,0.392,7.0,120,219.0,3.0,238.22,651,"[0.997306, 0.0733579, 0.000606346, -0.0251823, 0.350095, -0.936376]","['derived', '_acq-spcir2p3_run-10']",W:\MinMo_CI\niftis\Min-Mo-006 to 010\Min-Mo-009\DICOM\0000358D\AA664389\AA81B654\0000C403\0000C403_20251113000000_10.nii.gz
0000CD43,Min-Mo-009,3.0,3D,*spcR_42ns,1.0,0.022,0.7,120,27.0,2.0,305.2,630,"[-0.11645, 0.99315, 0.00965822, -0.0330713, 0.00584165, -0.999436]","['derived', '_acq-spcR4p2_run-19_T2w']",W:\MinMo_CI\niftis\Min-Mo-006 to 010\Min-Mo-009\DICOM\0000358D\AA664389\AA81B654\0000CD43\0000CD43_20251113000000_19.nii.gz
0000D3A9,Min-Mo-009,3.0,3D,*swi3d1r,1.6,0.02,0.028,15,,2.0,245.645,119,"[0.998578, 0.0177751, -0.0502554, -0.0174302, 0.999821, 0.00729133]","['anat', '_acq-swi3p2_run-15_part-mag_T2starw']",W:\MinMo_CI\niftis\Min-Mo-006 to 010\Min-Mo-009\DICOM\0000358D\AA664389\AA81B654\0000D3A9\0000D3A9_ax_swi_ge3d_20251113000000_15.nii.gz
0000E24B,Min-Mo-009,3.0,3D,*spcir_220ns,1.0,0.392,7.0,120,219.0,3.0,238.22,651,"[-0.11645, 0.99315, 0.00965818, -0.0330713, 0.0058416, -0.999436]","['derived', '_acq-spcir2p3_run-9']",W:\MinMo_CI\niftis\Min-Mo-006 to 010\Min-Mo-009\DICOM\0000358D\AA664389\AA81B654\0000E24B\0000E24B_20251113000000_9.nii.gz
000002F2,Min-Mo-008,3.0,3D,*spcR_42ns,3.0,0.022,0.7,120,27.0,2.0,305.2,630,"[1, 0, 0, 0, 0.999683, 0.0251839]","['derived', '_acq-spcR4p2_run-8_T2w']",W:\MinMo_CI\niftis\Min-Mo-006 to 010\Min-Mo-008\DICOM\0000B428\AA052CA9\AAC04D0F\000002F2\000002F2_20251108000000_8.nii.gz
000008F5,Min-Mo-008,3.0,3D,*swi3d1r,12.8,0.02,0.028,15,,2.0,,119,"[0.998192, 0.0196112, -0.0568195, -0.0174235, 0.999097, 0.0387461]","['derived', '_acq-swi3p2_run-15_part-mag_T2starw']",W:\MinMo_CI\niftis\Min-Mo-006 to 010\Min-Mo-008\DICOM\0000B428\AA052CA9\AAC04D0F\000008F5\000008F5_ax_swi_ge3d_20251108000000_15.nii.gz
00001AD4,Min-Mo-008,3.0,3D,*swi3d1r,1.6,0.02,0.028,15,,2.0,245.645,119,"[0.998192, 0.0196112, -0.0568195, -0.0174235, 0.999097, 0.0387461]","['anat', '_acq-swi3p2_run-14_part-mag_T2starw']",W:\MinMo_CI\niftis\Min-Mo-006 to 010\Min-Mo-008\DICOM\0000B428\AA052CA9\AAC04D0F\00001AD4\00001AD4_ax_swi_ge3d_20251108000000_14.nii.gz
00001E7A,Min-Mo-008,3.0,3D,*swi3d1r,1.6,0.02,0.028,15,,2.0,245.645,119,"[0.998192, 0.0196112, -0.0568195, -0.0174235, 0.999097, 0.0387461]","['anat', '_acq-swi3p2_run-12_part-mag_T2starw']",W:\MinMo_CI\niftis\Min-Mo-006 to 010\Min-Mo-008\DICOM\0000B428\AA052CA9\AAC04D0F\00001E7A\00001E7A_ax_swi_ge3d_20251108000000_12.nii.gz
0000318C,Min-Mo-008,3.0,2D,*tse2d1_17,5.0,0.088,6.36,150,17.0,2.0,89.017,191,"[0.999995, -0.00322033, -0.00067275, 0.000212155, 0.267192, -0.963643]","['anat', '_acq-tse2p2_run-21_T2w']",W:\MinMo_CI\niftis\Min-Mo-006 to 010\Min-Mo-008\DICOM\0000B428\AA052CA9\AAC04D0F\0000318C\0000318C_cor_t2_tse_20251108000000_21.nii.gz
00005BA8,Min-Mo-008,3.0,3D,*spcR_42ns,1.0,0.022,0.7,120,27.0,2.0,305.2,630,"[0.999972, 0, -0.00751444, 0.000278909, 0.999311, 0.0371154]","['derived', '_acq-spcR4p2_run-9_T2w']",W:\MinMo_CI\niftis\Min-Mo-006 to 010\Min-Mo-008\DICOM\0000B428\AA052CA9\AAC04D0F\00005BA8\00005BA8_20251108000000_9.nii.gz
00007536,Min-Mo-008,3.0,3D,*spcR_42ns,1.0,0.022,0.7,120,27.0,2.0,305.2,630,"[0.025603, 0.996924, 0.0740805, -0.0537127, 0.0753696, -0.995708]","['anat', '_acq-spcR4p2_run-7_T2w']",W:\MinMo_CI\niftis\Min-Mo-006 to 010\Min-Mo-008\DICOM\0000B428\AA052CA9\AAC04D0F\00007536\00007536_t1_space_sag_20251108000000_7.nii.gz
0000792D,Min-Mo-008,3.0,3D,*swi3d1r,1.6,0.02,0.028,15,,2.0,245.645,119,"[0.998192, 0.0196112, -0.0568195, -0.0174235, 0.999097, 0.0387461]","['anat', '_acq-swi3p2_run-13_part-phase_T2starw']",W:\MinMo_CI\niftis\Min-Mo-006 to 010\Min-Mo-008\DICOM\0000B428\AA052CA9\AAC04D0F\0000792D\0000792D_ax_swi_ge3d_20251108000000_13_ph.nii.gz
000083B6,Min-Mo-008,3.0,3D,*spcir_220ns,1.0,0.392,7.0,120,219.0,3.0,238.22,651,"[0.0255983, 0.99693, 0.0739944, -0.0537149, 0.0752834, -0.995714]","['func', '_acq-spcir2p3_dir-RL_run-11_bold']",W:\MinMo_CI\niftis\Min-Mo-006 to 010\Min-Mo-008\DICOM\0000B428\AA052CA9\AAC04D0F\000083B6\000083B6_sag_t2_spc_flair_fs_20251108000000_11.nii.gz
000087D0,Min-Mo-008,3.0,3D,*spcR_42ns,1.0,0.022,0.7,120,27.0,2.0,305.2,630,"[0.99999, -0.0038803, 0.0020958, 0.00305395, 0.266447, -0.963845]","['derived', '_acq-spcR4p2_run-10_T2w']",W:\MinMo_CI\niftis\Min-Mo-006 to 010\Min-Mo-008\DICOM\0000B428\AA052CA9\AAC04D0F\000087D0\000087D0_20251108000000_10.nii.gz
0000DAA0,Min-Mo-008,3.0,2D,*tse2d1_17,5.0,0.086,5.52,150,17.0,4.0,38.614,193,"[0.998192, 0.0196112, -0.0568195, -0.0174235, 0.999097, 0.0387461]","['anat', '_acq-tse2p4_run-4_T2w']",W:\MinMo_CI\niftis\Min-Mo-006 to 010\Min-Mo-008\DICOM\0000B428\AA052CA9\AAC04D0F\0000DAA0\0000DAA0_ax_t2_tse_Med_DRS_480_20251108000000_4.nii.gz
0000E9B2,Min-Mo-008,3.0,2D,*tse2d1_17,5.0,0.088,5.52,150,17.0,2.0,182.139,191,"[0.998192, 0.0196112, -0.0568195, -0.0174235, 0.999097, 0.0387461]","['anat', '_acq-tse2p2_run-3_T2w']",W:\MinMo_CI\niftis\Min-Mo-006 to 010\Min-Mo-008\DICOM\0000B428\AA052CA9\AAC04D0F\0000E9B2\0000E9B2_ax_t2_tse_20251108000000_3.nii.gz
00003D35,Min-Mo-007,3.0,3D,*swi3d1r,1.6,0.02,0.028,15,,2.0,245.645,119,"[0.999332, 0.0172263, 0.032232, -0.022329, 0.985984, 0.16534]","['anat', '_acq-swi3p2_run-14_part-mag_T2starw']",W:\MinMo_CI\niftis\Min-Mo-006 to 010\Min-Mo-007\DICOM\00007ABD\AA3298BF\AA35022C\00003D35\00003D35_ax_swi_ge3d_20251105000000_14.nii.gz
000041FA,Min-Mo-007,3.0,3D,*swi3d1r,12.8,0.02,0.028,15,,2.0,,119,"[0.999332, 0.0172263, 0.032232, -0.022329, 0.985984, 0.16534]","['derived', '_acq-swi3p2_run-15_part-mag_T2starw']",W:\MinMo_CI\niftis\Min-Mo-006 to 010\Min-Mo-007\DICOM\00007ABD\AA3298BF\AA35022C\000041FA\000041FA_ax_swi_ge3d_20251105000000_15.nii.gz
0000423B,Min-Mo-007,3.0,3D,*spcR_42ns,1.0,0.022,0.7,120,27.0,2.0,305.2,630,"[0.999666, 0.0136049, 0.021966, -0.0169081, 0.987297, 0.157985]","['derived', '_acq-spcR4p2_run-7_T2w']",W:\MinMo_CI\niftis\Min-Mo-006 to 010\Min-Mo-007\DICOM\00007ABD\AA3298BF\AA35022C\0000423B\0000423B_20251105000000_7.nii.gz
00004A57,Min-Mo-007,3.0,3D,*spcR_42ns,1.0,0.022,0.7,120,27.0,2.0,305.2,630,"[-0.0701247, 0.985146, 0.156751, 0.00812738, 0.157697, -0.987454]","['anat', '_acq-spcR4p2_run-6_T2w']",W:\MinMo_CI\niftis\Min-Mo-006 to 010\Min-Mo-007\DICOM\00007ABD\AA3298BF\AA35022C\00004A57\00004A57_t1_space_sag_20251105000000_6.nii.gz
00006352,Min-Mo-007,3.0,3D,*spcR_42ns,3.0,0.022,0.7,120,27.0,2.0,305.2,630,"[0.999155, 0.029863, 0.0282504, -0.0338077, 0.987891, 0.151424]","['derived', '_acq-spcR4p2_run-8_T2w']",W:\MinMo_CI\niftis\Min-Mo-006 to 010\Min-Mo-007\DICOM\00007ABD\AA3298BF\AA35022C\00006352\00006352_20251105000000_8.nii.gz
00006F22,Min-Mo-007,3.0,2D,*tse2d1_17,5.0,0.088,5.52,150,17.0,2.0,182.139,191,"[0.999333, 0.0171649, 0.0322217, -0.0222668, 0.985985, 0.165342]","['anat', '_acq-tse2p2_run-2_T2w']",W:\MinMo_CI\niftis\Min-Mo-006 to 010\Min-Mo-007\DICOM\00007ABD\AA3298BF\AA35022C\00006F22\00006F22_ax_t2_tse_20251105000000_2.nii.gz
00007037,Min-Mo-007,3.0,3D,*spcR_42ns,3.0,0.022,0.7,120,27.0,2.0,305.2,630,"[0.999162, 0.0406629, -0.00474136, -0.0153393, 0.264479, -0.964269]","['derived', '_acq-spcR4p2_run-9_T2w']",W:\MinMo_CI\niftis\Min-Mo-006 to 010\Min-Mo-007\DICOM\00007ABD\AA3298BF\AA35022C\00007037\00007037_20251105000000_9.nii.gz
0000818F,Min-Mo-007,3.0,3D,*swi3d1r,1.6,0.02,0.028,15,,2.0,245.645,119,"[0.999332, 0.0172263, 0.032232, -0.022329, 0.985984, 0.16534]","['anat', '_acq-swi3p2_run-12_part-mag_T2starw']",W:\MinMo_CI\niftis\Min-Mo-006 to 010\Min-Mo-007\DICOM\00007ABD\AA3298BF\AA35022C\0000818F\0000818F_ax_swi_ge3d_20251105000000_12.nii.gz
00008C72,Min-Mo-007,3.0,3D,*spcir_220ns,1.0,0.392,7.0,120,219.0,3.0,238.22,651,"[-0.0701247, 0.985146, 0.156751, 0.00812738, 0.157697, -0.987454]","['func', '_acq-spcir2p3_dir-RL_run-11_bold']",W:\MinMo_CI\niftis\Min-Mo-006 to 010\Min-Mo-007\DICOM\00007ABD\AA3298BF\AA35022C\00008C72\00008C72_sag_t2_spc_flair_fs_20251105000000_11.nii.gz
0000A56A,Min-Mo-007,3.0,3D,*spcR_42ns,1.0,0.022,0.7,120,27.0,2.0,305.2,630,"[0.999023, 0.036999, 0.024179, 0.013405, 0.267647, -0.963424]","['derived', '_acq-spcR4p2_run-10_T2w']",W:\MinMo_CI\niftis\Min-Mo-006 to 010\Min-Mo-007\DICOM\00007ABD\AA3298BF\AA35022C\0000A56A\0000A56A_20251105000000_10.nii.gz
0000C111,Min-Mo-007,3.0,2D,*tse2d1_17,5.0,0.088,6.36,150,17.0,2.0,89.017,191,"[0.996994, 0.0774704, -0.000672896, -0.0212885, 0.265598, -0.963849]","['anat', '_acq-tse2p2_run-16_T2w']",W:\MinMo_CI\niftis\Min-Mo-006 to 010\Min-Mo-007\DICOM\00007ABD\AA3298BF\AA35022C\0000C111\0000C111_cor_t2_tse_20251105000000_16.nii.gz
0000C8F1,Min-Mo-007,3.0,2D,*tse2d1_17,5.0,0.086,5.52,150,17.0,4.0,38.614,193,"[0.999332, 0.0172263, 0.032232, -0.022329, 0.985984, 0.16534]","['anat', '_acq-tse2p4_run-3_T2w']",W:\MinMo_CI\niftis\Min-Mo-006 to 010\Min-Mo-007\DICOM\00007ABD\AA3298BF\AA35022C\0000C8F1\0000C8F1_ax_t2_tse_Med_DRS_480_20251105000000_3.nii.gz
0000DE3B,Min-Mo-007,3.0,3D,*swi3d1r,1.6,0.02,0.028,15,,2.0,245.645,119,"[0.999332, 0.0172263, 0.032232, -0.022329, 0.985984, 0.16534]","['anat', '_acq-swi3p2_run-13_part-phase_T2starw']",W:\MinMo_CI\niftis\Min-Mo-006 to 010\Min-Mo-007\DICOM\00007ABD\AA3298BF\AA35022C\0000DE3B\0000DE3B_ax_swi_ge3d_20251105000000_13_ph.nii.gz
00000259,Min-Mo-006,3.0,3D,*spcR_42ns,3.0,0.022,0.7,120,27.0,2.0,305.2,630,"[0.999602, 0.0281946, 0.00126687, -0.0282231, 0.998594, 0.04487]","['derived', '_acq-spcR4p2_run-10_T2w']",W:\MinMo_CI\niftis\Min-Mo-006 to 010\Min-Mo-006\DICOM\000085C1\AAF23C1D\AAE7471F\00000259\00000259_20251105000000_10.nii.gz
00000322,Min-Mo-006,3.0,3D,*spcR_42ns,1.0,0.022,0.7,120,27.0,2.0,305.2,630,"[0.999062, 0.0432901, -0.00124325, -0.0102287, 0.207972, -0.978081]","['derived', '_acq-spcR4p2_run-9_T2w']",W:\MinMo_CI\niftis\Min-Mo-006 to 010\Min-Mo-006\DICOM\000085C1\AAF23C1D\AAE7471F\00000322\00000322_20251105000000_9.nii.gz
00002363,Min-Mo-006,3.0,3D,*swi3d1r,1.6,0.02,0.028,15,,2.0,245.642,119,"[0.999848, 0.0174524, 4.10655e-05, -0.0174524, 0.999845, 0.00235264]","['anat', '_acq-swi3p2_run-14_part-mag_T2starw']",W:\MinMo_CI\niftis\Min-Mo-006 to 010\Min-Mo-006\DICOM\000085C1\AAF23C1D\AAE7471F\00002363\00002363_ax_swi_ge3d_20251105000000_14.nii.gz
00003008,Min-Mo-006,3.0,3D,*spcR_42ns,1.0,0.022,0.7,120,27.0,2.0,305.2,630,"[-0.0528469, 0.986229, 0.156716, -0.0370065, 0.154894, -0.987238]","['anat', '_acq-spcR4p2_run-6_T2w']",W:\MinMo_CI\niftis\Min-Mo-006 to 010\Min-Mo-006\DICOM\000085C1\AAF23C1D\AAE7471F\00003008\00003008_t1_space_sag_20251105000000_6.nii.gz
000038B1,Min-Mo-006,3.0,2D,*tse2d1_17,5.0,0.086,5.52,150,17.0,4.0,38.617,193,"[0.999848, 0.0174524, 4.10655e-05, -0.0174524, 0.999845, 0.00235264]","['anat', '_acq-tse2p4_run-3_T2w']",W:\MinMo_CI\niftis\Min-Mo-006 to 010\Min-Mo-006\DICOM\000085C1\AAF23C1D\AAE7471F\000038B1\000038B1_ax_t2_tse_Med_DRS_480_20251105000000_3.nii.gz
000039CF,Min-Mo-006,3.0,3D,*swi3d1r,1.6,0.02,0.028,15,,2.0,245.642,119,"[0.999848, 0.0174524, 4.10655e-05, -0.0174524, 0.999845, 0.00235264]","['anat', '_acq-swi3p2_run-13_part-phase_T2starw']",W:\MinMo_CI\niftis\Min-Mo-006 to 010\Min-Mo-006\DICOM\000085C1\AAF23C1D\AAE7471F\000039CF\000039CF_ax_swi_ge3d_20251105000000_13_ph.nii.gz
00004156,Min-Mo-006,3.0,3D,*swi3d1r,12.8,0.02,0.028,15,,2.0,,119,"[0.999848, 0.0174524, 4.10655e-05, -0.0174524, 0.999845, 0.00235264]","['derived', '_acq-swi3p2_run-15_part-mag_T2starw']",W:\MinMo_CI\niftis\Min-Mo-006 to 010\Min-Mo-006\DICOM\000085C1\AAF23C1D\AAE7471F\00004156\00004156_ax_swi_ge3d_20251105000000_15.nii.gz
000044B1,Min-Mo-006,3.0,3D,*swi3d1r,1.6,0.02,0.028,15,,2.0,245.642,119,"[0.999848, 0.0174524, 4.10655e-05, -0.0174524, 0.999845, 0.00235264]","['anat', '_acq-swi3p2_run-12_part-mag_T2starw']",W:\MinMo_CI\niftis\Min-Mo-006 to 010\Min-Mo-006\DICOM\000085C1\AAF23C1D\AAE7471F\000044B1\000044B1_ax_swi_ge3d_20251105000000_12.nii.gz
000053C7,Min-Mo-006,3.0,3D,*spcR_42ns,1.0,0.022,0.7,120,27.0,2.0,305.2,630,"[0.998061, 0.0622446, 0, -0.0622446, 0.998061, 0]","['derived', '_acq-spcR4p2_run-20_T2w']",W:\MinMo_CI\niftis\Min-Mo-006 to 010\Min-Mo-006\DICOM\000085C1\AAF23C1D\AAE7471F\000053C7\000053C7_20251105000000_20.nii.gz
000053FF,Min-Mo-006,3.0,3D,*spcR_42ns,3.0,0.022,0.7,120,27.0,2.0,305.2,630,"[0.99926, 0.0383847, -0.00226466, -0.00996008, 0.201503, -0.979437]","['derived', '_acq-spcR4p2_run-18_T2w']",W:\MinMo_CI\niftis\Min-Mo-006 to 010\Min-Mo-006\DICOM\000085C1\AAF23C1D\AAE7471F\000053FF\000053FF_20251105000000_18.nii.gz
000055EB,Min-Mo-006,3.0,2D,*tse2d1_17,5.0,0.088,6.36,150,17.0,2.0,88.997,191,"[0.998966, 0.0454529, -0.000686458, -0.00895131, 0.181882, -0.98328]","['anat', '_acq-tse2p2_run-16_T2w']",W:\MinMo_CI\niftis\Min-Mo-006 to 010\Min-Mo-006\DICOM\000085C1\AAF23C1D\AAE7471F\000055EB\000055EB_cor_t2_tse_20251105000000_16.nii.gz
00005E15,Min-Mo-006,3.0,3D,*spcR_42ns,3.0,0.022,0.7,120,27.0,2.0,305.2,630,"[0.999602, 0.0281946, 0.00126687, -0.0282231, 0.998594, 0.04487]","['derived', '_acq-spcR4p2_run-21_T2w']",W:\MinMo_CI\niftis\Min-Mo-006 to 010\Min-Mo-006\DICOM\000085C1\AAF23C1D\AAE7471F\00005E15\00005E15_20251105000000_21.nii.gz
0000702C,Min-Mo-006,3.0,3D,*spcR_42ns,1.0,0.022,0.7,120,27.0,2.0,305.2,630,"[0.999062, 0.0432901, -0.00124325, -0.0102287, 0.207972, -0.978081]","['derived', '_acq-spcR4p2_run-19_T2w']",W:\MinMo_CI\niftis\Min-Mo-006 to 010\Min-Mo-006\DICOM\000085C1\AAF23C1D\AAE7471F\0000702C\0000702C_20251105000000_19.nii.gz
00008927,Min-Mo-006,3.0,2D,*tse2d1_17,5.0,0.088,5.52,150,17.0,2.0,182.137,191,"[0.999848, 0.0174524, 4.10655e-05, -0.0174524, 0.999845, 0.00235264]","['anat', '_acq-tse2p2_run-2_T2w']",W:\MinMo_CI\niftis\Min-Mo-006 to 010\Min-Mo-006\DICOM\000085C1\AAF23C1D\AAE7471F\00008927\00008927_ax_t2_tse_20251105000000_2.nii.gz
0000995D,Min-Mo-006,3.0,3D,*spcir_220ns,1.0,0.392,7.0,120,219.0,3.0,238.22,651,"[-0.0528469, 0.986229, 0.156716, -0.0370065, 0.154894, -0.987238]","['func', '_acq-spcir2p3_dir-RL_run-11_bold']",W:\MinMo_CI\niftis\Min-Mo-006 to 010\Min-Mo-006\DICOM\000085C1\AAF23C1D\AAE7471F\0000995D\0000995D_sag_t2_spc_flair_fs_20251105000000_11.nii.gz
0000C4C0,Min-Mo-006,3.0,3D,*spcR_42ns,3.0,0.022,0.7,120,27.0,2.0,305.2,630,"[0.99926, 0.0383847, -0.00226466, -0.00996008, 0.201503, -0.979437]","['derived', '_acq-spcR4p2_run-7_T2w']",W:\MinMo_CI\niftis\Min-Mo-006 to 010\Min-Mo-006\DICOM\000085C1\AAF23C1D\AAE7471F\0000C4C0\0000C4C0_20251105000000_7.nii.gz
0000DD97,Min-Mo-006,3.0,3D,*spcR_42ns,1.0,0.022,0.7,120,27.0,2.0,305.2,630,"[-0.0528469, 0.986229, 0.156716, -0.0370065, 0.154894, -0.987238]","['anat', '_acq-spcR4p2_run-17_T2w']",W:\MinMo_CI\niftis\Min-Mo-006 to 010\Min-Mo-006\DICOM\000085C1\AAF23C1D\AAE7471F\0000DD97\0000DD97_sag_t1post_space_20251105000000_17.nii.gz
0000FF8C,Min-Mo-006,3.0,3D,*spcR_42ns,1.0,0.022,0.7,120,27.0,2.0,305.2,630,"[0.998061, 0.0622446, 0, -0.0622446, 0.998061, 0]","['derived', '_acq-spcR4p2_run-8_T2w']",W:\MinMo_CI\niftis\Min-Mo-006 to 010\Min-Mo-006\DICOM\000085C1\AAF23C1D\AAE7471F\0000FF8C\0000FF8C_20251105000000_8.nii.gz
00000207,Min-Mo-005,3.0,3D,*swi3d1r,1.6,0.02,0.028,15,,2.0,168.362,119,"[0.988182, 0.126545, -0.086504, -0.126063, 0.991961, 0.0110354]","['anat', '_acq-swi3p2_run-13_part-phase_T2starw']",W:\MinMo_CI\niftis\Min-Mo-001 to 005\Min-Mo-005\DICOM\0000C352\AAB5C999\AAF4C65F\00000207\00000207_ax_swi_ge3d_20251023000000_13_ph.nii.gz
00000559,Min-Mo-005,3.0,3D,*spcR_50ns,3.0,0.022,0.7,120,35.0,2.0,203.77,630,"[0.986833, 0.161668, -0.00480946, -0.0323114, 0.16792, -0.985271]","['derived', '_acq-spcR5p2_run-8_T2w']",W:\MinMo_CI\niftis\Min-Mo-001 to 005\Min-Mo-005\DICOM\0000C352\AAB5C999\AAF4C65F\00000559\00000559_20251023000000_8.nii.gz
00003053,Min-Mo-005,3.0,3D,*spcR_50ns,0.999998,0.022,0.7,120,35.0,2.0,203.77,630,"[0.98765, 0.156667, -0.00172595, -0.0317137, 0.189116, -0.981443]","['derived', '_acq-spcR5p2_run-10_T2w']",W:\MinMo_CI\niftis\Min-Mo-001 to 005\Min-Mo-005\DICOM\0000C352\AAB5C999\AAF4C65F\00003053\00003053_20251023000000_10.nii.gz
00003266,Min-Mo-005,3.0,3D,*spcR_50ns,3.0,0.022,0.7,120,35.0,2.0,203.77,630,"[0.988182, 0.126545, -0.086504, -0.126063, 0.991961, 0.0110354]","['derived', '_acq-spcR5p2_run-7_T2w']",W:\MinMo_CI\niftis\Min-Mo-001 to 005\Min-Mo-005\DICOM\0000C352\AAB5C999\AAF4C65F\00003266\00003266_20251023000000_7.nii.gz
00003344,Min-Mo-005,3.0,2D,*tse2d1_17,5.0,0.086,5.52,150,17.0,4.0,33.079,193,"[0.988182, 0.126545, -0.086504, -0.126063, 0.991961, 0.0110354]","['anat', '_acq-tse2p4_run-3_T2w']",W:\MinMo_CI\niftis\Min-Mo-001 to 005\Min-Mo-005\DICOM\0000C352\AAB5C999\AAF4C65F\00003344\00003344_ax_t2_tse_Med_DRS_480_20251023000000_3.nii.gz
0000344E,Min-Mo-005,3.0,2D,*tse2d1_17,5.0,0.088,5.13,150,17.0,2.0,138.487,191,"[0.988174, 0.126609, -0.0865033, -0.126127, 0.991953, 0.011041]","['anat', '_acq-tse2p2_run-2_T2w']",W:\MinMo_CI\niftis\Min-Mo-001 to 005\Min-Mo-005\DICOM\0000C352\AAB5C999\AAF4C65F\0000344E\0000344E_ax_t2_tse_20251023000000_2.nii.gz
0000452A,Min-Mo-005,3.0,3D,*spcR_50ns,1.0,0.022,0.7,120,35.0,2.0,203.77,630,"[-0.167091, 0.980489, 0.103545, -0.0940479, 0.0886923, -0.991609]","['anat', '_acq-spcR5p2_run-6_T2w']",W:\MinMo_CI\niftis\Min-Mo-001 to 005\Min-Mo-005\DICOM\0000C352\AAB5C999\AAF4C65F\0000452A\0000452A_t1_space_sag_20251023000000_6.nii.gz
00005FA6,Min-Mo-005,3.0,3D,*swi3d1r,1.6,0.02,0.028,15,,2.0,168.362,119,"[0.988182, 0.126545, -0.086504, -0.126063, 0.991961, 0.0110354]","['anat', '_acq-swi3p2_run-12_part-mag_T2starw']",W:\MinMo_CI\niftis\Min-Mo-001 to 005\Min-Mo-005\DICOM\0000C352\AAB5C999\AAF4C65F\00005FA6\00005FA6_ax_swi_ge3d_20251023000000_12.nii.gz
000063D1,Min-Mo-005,3.0,3D,*swi3d1r,1.6,0.02,0.028,15,,2.0,168.362,119,"[0.988182, 0.126545, -0.086504, -0.126063, 0.991961, 0.0110354]","['anat', '_acq-swi3p2_run-14_part-mag_T2starw']",W:\MinMo_CI\niftis\Min-Mo-001 to 005\Min-Mo-005\DICOM\0000C352\AAB5C999\AAF4C65F\000063D1\000063D1_ax_swi_ge3d_20251023000000_14.nii.gz
00006CFC,Min-Mo-005,3.0,3D,*spcir_220ns,1.0,0.392,7.0,120,219.0,3.0,182.442,651,"[-0.167093, 0.980491, 0.103523, -0.0940441, 0.08867, -0.991611]","['func', '_acq-spcir2p3_dir-RL_run-11_bold']",W:\MinMo_CI\niftis\Min-Mo-001 to 005\Min-Mo-005\DICOM\0000C352\AAB5C999\AAF4C65F\00006CFC\00006CFC_sag_t2_spc_flair_fs_20251023000000_11.nii.gz
000075BB,Min-Mo-005,3.0,3D,*spcR_50ns,0.999998,0.022,0.7,120,35.0,2.0,203.77,630,"[0.988174, 0.126609, -0.0865033, -0.126127, 0.991953, 0.0110409]","['derived', '_acq-spcR5p2_run-9_T2w']",W:\MinMo_CI\niftis\Min-Mo-001 to 005\Min-Mo-005\DICOM\0000C352\AAB5C999\AAF4C65F\000075BB\000075BB_20251023000000_9.nii.gz
00007B72,Min-Mo-005,3.0,2D,*tse2d1_17,5.0,0.088,5.72,150,17.0,2.0,62.897,191,"[0.984712, 0.169268, -0.0411178, -0.0672888, 0.151912, -0.986101]","['anat', '_acq-tse2p2_run-16_T2w']",W:\MinMo_CI\niftis\Min-Mo-001 to 005\Min-Mo-005\DICOM\0000C352\AAB5C999\AAF4C65F\00007B72\00007B72_cor_t2_tse_20251023000000_16.nii.gz
000093A3,Min-Mo-005,3.0,3D,*swi3d1r,12.8,0.02,0.028,15,,2.0,,119,"[0.988182, 0.126545, -0.086504, -0.126063, 0.991961, 0.0110354]","['derived', '_acq-swi3p2_run-15_part-mag_T2starw']",W:\MinMo_CI\niftis\Min-Mo-001 to 005\Min-Mo-005\DICOM\0000C352\AAB5C999\AAF4C65F\000093A3\000093A3_ax_swi_ge3d_20251023000000_15.nii.gz
000006EE,Min-Mo-004,3.0,2D,*tse2d1_17,5.0,0.088,5.52,150,17.0,2.0,182.137,191,"[0.999848, 0.017425, -0.000978225, -0.0174524, 0.998276, -0.0560425]","['anat', '_acq-tse2p2_run-2_T2w']",W:\MinMo_CI\niftis\Min-Mo-001 to 005\Min-Mo-004\DICOM\00007A23\AA337C33\AA19DE6F\000006EE\000006EE_ax_t2_tse_20251014000000_2.nii.gz
00002631,Min-Mo-004,3.0,2D,*tse2d1_17,5.0,0.088,6.36,150,17.0,2.0,88.997,191,"[0.999735, -0.023013, -0.00067275, 0.00550074, 0.267135, -0.963643]","['anat', '_acq-tse2p2_run-16_T2w']",W:\MinMo_CI\niftis\Min-Mo-001 to 005\Min-Mo-004\DICOM\00007A23\AA337C33\AA19DE6F\00002631\00002631_cor_t2_tse_20251014000000_16.nii.gz
00002BBF,Min-Mo-004,3.0,3D,*swi3d1r,1.6,0.02,0.028,15,,2.0,245.642,119,"[0.999848, 0.017425, -0.000978225, -0.0174524, 0.998276, -0.0560425]","['anat', '_acq-swi3p2_run-13_part-phase_T2starw']",W:\MinMo_CI\niftis\Min-Mo-001 to 005\Min-Mo-004\DICOM\00007A23\AA337C33\AA19DE6F\00002BBF\00002BBF_ax_swi_ge3d_20251014000000_13_ph.nii.gz
00003E78,Min-Mo-004,3.0,3D,*spcir_220ns,1.0,0.392,7.0,120,219.0,3.0,238.22,651,"[0.0415686, 0.986768, 0.156716, -0.0220469, 0.15772, -0.987238]","['func', '_acq-spcir2p3_dir-RL_run-11_bold']",W:\MinMo_CI\niftis\Min-Mo-001 to 005\Min-Mo-004\DICOM\00007A23\AA337C33\AA19DE6F\00003E78\00003E78_sag_t2_spc_flair_fs_20251014000000_11.nii.gz
000052F3,Min-Mo-004,3.0,3D,*swi3d1r,1.6,0.02,0.028,15,,2.0,245.642,119,"[0.999848, 0.017425, -0.000978225, -0.0174524, 0.998276, -0.0560425]","['anat', '_acq-swi3p2_run-14_part-mag_T2starw']",W:\MinMo_CI\niftis\Min-Mo-001 to 005\Min-Mo-004\DICOM\00007A23\AA337C33\AA19DE6F\000052F3\000052F3_ax_swi_ge3d_20251014000000_14.nii.gz
0000561E,Min-Mo-004,3.0,3D,*spcR_42ns,3.0,0.022,0.7,120,27.0,2.0,305.2,630,"[0.996073, 0.0884775, 0.00333684, -0.0200654, 0.26228, -0.964783]","['derived', '_acq-spcR4p2_run-7_T2w']",W:\MinMo_CI\niftis\Min-Mo-001 to 005\Min-Mo-004\DICOM\00007A23\AA337C33\AA19DE6F\0000561E\0000561E_20251014000000_7.nii.gz
00006B56,Min-Mo-004,3.0,3D,*swi3d1r,1.6,0.02,0.028,15,,2.0,245.642,119,"[0.999848, 0.017425, -0.000978225, -0.0174524, 0.998276, -0.0560425]","['anat', '_acq-swi3p2_run-12_part-mag_T2starw']",W:\MinMo_CI\niftis\Min-Mo-001 to 005\Min-Mo-004\DICOM\00007A23\AA337C33\AA19DE6F\00006B56\00006B56_ax_swi_ge3d_20251014000000_12.nii.gz
0000857B,Min-Mo-004,3.0,3D,*spcR_42ns,1.0,0.022,0.7,120,27.0,2.0,305.2,630,"[0.999201, -0.0399216, 0.00209587, 0.0126559, 0.266164, -0.963845]","['derived', '_acq-spcR4p2_run-8_T2w']",W:\MinMo_CI\niftis\Min-Mo-001 to 005\Min-Mo-004\DICOM\00007A23\AA337C33\AA19DE6F\0000857B\0000857B_20251014000000_8.nii.gz
00008AC8,Min-Mo-004,3.0,3D,*spcR_42ns,3.0,0.022,0.7,120,27.0,2.0,305.2,630,"[1, 0, 0, 0, 0.999683, 0.0251839]","['derived', '_acq-spcR4p2_run-9_T2w']",W:\MinMo_CI\niftis\Min-Mo-001 to 005\Min-Mo-004\DICOM\00007A23\AA337C33\AA19DE6F\00008AC8\00008AC8_20251014000000_9.nii.gz
0000A47D,Min-Mo-004,3.0,2D,*tse2d1_17,5.0,0.086,5.52,150,17.0,4.0,38.614,193,"[0.999848, 0.017425, -0.000978225, -0.0174524, 0.998276, -0.0560425]","['anat', '_acq-tse2p4_run-3_T2w']",W:\MinMo_CI\niftis\Min-Mo-001 to 005\Min-Mo-004\DICOM\00007A23\AA337C33\AA19DE6F\0000A47D\0000A47D_ax_t2_tse_Med_DRS_480_20251014000000_3.nii.gz
0000A941,Min-Mo-004,3.0,3D,*spcR_42ns,1.0,0.022,0.7,120,27.0,2.0,305.2,630,"[0.0415686, 0.986768, 0.156716, -0.0220469, 0.15772, -0.987238]","['anat', '_acq-spcR4p2_run-6_T2w']",W:\MinMo_CI\niftis\Min-Mo-001 to 005\Min-Mo-004\DICOM\00007A23\AA337C33\AA19DE6F\0000A941\0000A941_t1_space_sag_20251014000000_6.nii.gz
0000AB9B,Min-Mo-004,3.0,3D,*spcR_42ns,1.0,0.022,0.7,120,27.0,2.0,305.2,630,"[1, 0, 0, 0, 1, 0]","['derived', '_acq-spcR4p2_run-10_T2w']",W:\MinMo_CI\niftis\Min-Mo-001 to 005\Min-Mo-004\DICOM\00007A23\AA337C33\AA19DE6F\0000AB9B\0000AB9B_20251014000000_10.nii.gz
0000DF0C,Min-Mo-004,3.0,3D,*swi3d1r,12.8,0.02,0.028,15,,2.0,,119,"[0.999848, 0.017425, -0.000978225, -0.0174524, 0.998276, -0.0560425]","['derived', '_acq-swi3p2_run-15_part-mag_T2starw']",W:\MinMo_CI\niftis\Min-Mo-001 to 005\Min-Mo-004\DICOM\00007A23\AA337C33\AA19DE6F\0000DF0C\0000DF0C_ax_swi_ge3d_20251014000000_15.nii.gz
00000323,Min-Mo-003,3.0,2D,*tse2d1_17,5.0,0.088,6.36,150,17.0,2.0,88.997,191,"[0.999956, 0.00940466, -0.00067269, -0.0031639, 0.267483, -0.963557]","['anat', '_acq-tse2p2_run-16_T2w']",W:\MinMo_CI\niftis\Min-Mo-001 to 005\Min-Mo-003\DICOM\0000AEF4\AA1EAF87\AACD23BA\00000323\00000323_cor_t2_tse_20251001000000_16.nii.gz
00002DA5,Min-Mo-003,3.0,2D,*tse2d1_17,5.0,0.088,5.52,150,17.0,2.0,182.139,191,"[0.999305, 0.019984, -0.0314727, -0.0174429, 0.996719, 0.0790399]","['anat', '_acq-tse2p2_run-2_T2w']",W:\MinMo_CI\niftis\Min-Mo-001 to 005\Min-Mo-003\DICOM\0000AEF4\AA1EAF87\AACD23BA\00002DA5\00002DA5_ax_t2_tse_20251001000000_2.nii.gz
00003227,Min-Mo-003,3.0,3D,*spcR_42ns,1.0,0.022,0.7,120,27.0,2.0,305.2,630,"[0.999963, -0.00856621, 0.00069763, 0.00275134, 0.242157, -0.970233]","['derived', '_acq-spcR4p2_run-10_T2w']",W:\MinMo_CI\niftis\Min-Mo-001 to 005\Min-Mo-003\DICOM\0000AEF4\AA1EAF87\AACD23BA\00003227\00003227_20251001000000_10.nii.gz
00003ABC,Min-Mo-003,3.0,3D,*spcR_42ns,3.0,0.022,0.7,120,27.0,2.0,305.2,630,"[0.999981, 0.0051409, 0.00333684, 0.0018671, 0.26304, -0.964783]","['derived', '_acq-spcR4p2_run-7_T2w']",W:\MinMo_CI\niftis\Min-Mo-001 to 005\Min-Mo-003\DICOM\0000AEF4\AA1EAF87\AACD23BA\00003ABC\00003ABC_20251001000000_7.nii.gz
00004243,Min-Mo-003,3.0,3D,*swi3d1r,1.6,0.02,0.028,15,,2.0,245.645,119,"[0.999305, 0.019984, -0.0314727, -0.0174429, 0.996719, 0.0790399]","['anat', '_acq-swi3p2_run-14_part-mag_T2starw']",W:\MinMo_CI\niftis\Min-Mo-001 to 005\Min-Mo-003\DICOM\0000AEF4\AA1EAF87\AACD23BA\00004243\00004243_ax_swi_ge3d_20251001000000_14.nii.gz
00004447,Min-Mo-003,3.0,2D,*tse2d1_17,5.0,0.086,5.52,150,17.0,4.0,38.614,193,"[0.999305, 0.019984, -0.0314727, -0.0174429, 0.996719, 0.0790399]","['anat', '_acq-tse2p4_run-3_T2w']",W:\MinMo_CI\niftis\Min-Mo-001 to 005\Min-Mo-003\DICOM\0000AEF4\AA1EAF87\AACD23BA\00004447\00004447_ax_t2_tse_Med_DRS_480_20251001000000_3.nii.gz
00004678,Min-Mo-003,3.0,3D,*spcR_42ns,1.0,0.022,0.7,120,27.0,2.0,305.2,630,"[0.0611776, 0.985848, 0.15608, -0.0857346, 0.160985, -0.983226]","['anat', '_acq-spcR4p2_run-19_T2w']",W:\MinMo_CI\niftis\Min-Mo-001 to 005\Min-Mo-003\DICOM\0000AEF4\AA1EAF87\AACD23BA\00004678\00004678_sag_t1post_space_20251001000000_19.nii.gz
00005000,Min-Mo-003,3.0,3D,*spcR_42ns,1.0,0.022,0.7,120,27.0,2.0,305.2,630,"[0.999963, -0.00856621, 0.000697696, 0.0027514, 0.242157, -0.970233]","['derived', '_acq-spcR4p2_run-22_T2w']",W:\MinMo_CI\niftis\Min-Mo-001 to 005\Min-Mo-003\DICOM\0000AEF4\AA1EAF87\AACD23BA\00005000\00005000_20251001000000_22.nii.gz
00005B85,Min-Mo-003,3.0,3D,*spcir_220ns,1.0,0.392,7.0,120,219.0,3.0,238.22,651,"[0.00218361, 0.987631, 0.156779, 0.00128444, 0.156777, -0.987633]","['func', '_acq-spcir2p3_dir-RL_run-11_bold']",W:\MinMo_CI\niftis\Min-Mo-001 to 005\Min-Mo-003\DICOM\0000AEF4\AA1EAF87\AACD23BA\00005B85\00005B85_sag_t2_spc_flair_fs_20251001000000_11.nii.gz
000063BF,Min-Mo-003,3.0,3D,*spcR_42ns,1.0,0.022,0.7,120,27.0,2.0,305.2,630,"[1, 0, 0, 0, 0.996143, 0.0877424]","['derived', '_acq-spcR4p2_run-9_T2w']",W:\MinMo_CI\niftis\Min-Mo-001 to 005\Min-Mo-003\DICOM\0000AEF4\AA1EAF87\AACD23BA\000063BF\000063BF_20251001000000_9.nii.gz
0000B067,Min-Mo-003,3.0,3D,*swi3d1r,12.8,0.02,0.028,15,,2.0,,119,"[0.999305, 0.019984, -0.0314727, -0.0174429, 0.996719, 0.0790399]","['derived', '_acq-swi3p2_run-15_part-mag_T2starw']",W:\MinMo_CI\niftis\Min-Mo-001 to 005\Min-Mo-003\DICOM\0000AEF4\AA1EAF87\AACD23BA\0000B067\0000B067_ax_swi_ge3d_20251001000000_15.nii.gz
0000B1F8,Min-Mo-003,3.0,3D,*spcR_42ns,3.0,0.022,0.7,120,27.0,2.0,305.2,630,"[1, 0, 0, 0, 0.998497, 0.0548153]","['derived', '_acq-spcR4p2_run-8_T2w']",W:\MinMo_CI\niftis\Min-Mo-001 to 005\Min-Mo-003\DICOM\0000AEF4\AA1EAF87\AACD23BA\0000B1F8\0000B1F8_20251001000000_8.nii.gz
0000B838,Min-Mo-003,3.0,3D,*spcR_42ns,1.0,0.022,0.7,120,27.0,2.0,305.2,630,"[0.00218361, 0.987631, 0.156779, 0.00128444, 0.156777, -0.987633]","['anat', '_acq-spcR4p2_run-6_T2w']",W:\MinMo_CI\niftis\Min-Mo-001 to 005\Min-Mo-003\DICOM\0000AEF4\AA1EAF87\AACD23BA\0000B838\0000B838_t1_space_sag_20251001000000_6.nii.gz
0000DD19,Min-Mo-003,3.0,3D,*swi3d1r,1.6,0.02,0.028,15,,2.0,245.645,119,"[0.999305, 0.019984, -0.0314727, -0.0174429, 0.996719, 0.0790399]","['anat', '_acq-swi3p2_run-12_part-mag_T2starw']",W:\MinMo_CI\niftis\Min-Mo-001 to 005\Min-Mo-003\DICOM\0000AEF4\AA1EAF87\AACD23BA\0000DD19\0000DD19_ax_swi_ge3d_20251001000000_12.nii.gz
0000E218,Min-Mo-003,3.0,3D,*spcR_42ns,3.0,0.022,0.7,120,27.0,2.0,305.2,630,"[0.999981, 0.0051409, 0.00333677, 0.00186703, 0.26304, -0.964783]","['derived', '_acq-spcR4p2_run-20_T2w']",W:\MinMo_CI\niftis\Min-Mo-001 to 005\Min-Mo-003\DICOM\0000AEF4\AA1EAF87\AACD23BA\0000E218\0000E218_20251001000000_20.nii.gz
0000E3A9,Min-Mo-003,3.0,3D,*spcR_42ns,3.0,0.022,0.7,120,27.0,2.0,305.2,630,"[1, 0, 0, 0, 0.998497, 0.0548153]","['derived', '_acq-spcR4p2_run-21_T2w']",W:\MinMo_CI\niftis\Min-Mo-001 to 005\Min-Mo-003\DICOM\0000AEF4\AA1EAF87\AACD23BA\0000E3A9\0000E3A9_20251001000000_21.nii.gz
0000EB84,Min-Mo-003,3.0,3D,*spcR_42ns,1.0,0.022,0.7,120,27.0,2.0,305.2,630,"[1, 0, 0, 0, 0.996143, 0.0877424]","['derived', '_acq-spcR4p2_run-23_T2w']",W:\MinMo_CI\niftis\Min-Mo-001 to 005\Min-Mo-003\DICOM\0000AEF4\AA1EAF87\AACD23BA\0000EB84\0000EB84_20251001000000_23.nii.gz
0000F6B9,Min-Mo-003,3.0,3D,*swi3d1r,1.6,0.02,0.028,15,,2.0,245.645,119,"[0.999305, 0.019984, -0.0314727, -0.0174429, 0.996719, 0.0790399]","['anat', '_acq-swi3p2_run-13_part-phase_T2starw']",W:\MinMo_CI\niftis\Min-Mo-001 to 005\Min-Mo-003\DICOM\0000AEF4\AA1EAF87\AACD23BA\0000F6B9\0000F6B9_ax_swi_ge3d_20251001000000_13_ph.nii.gz
000001BF,Min-Mo-002,3.0,3D,*swi3d1r,1.6,0.02,0.028,15,,2.0,245.645,119,"[0.991853, 0.111443, -0.0617057, -0.102323, 0.985526, 0.135158]","['anat', '_acq-swi3p2_run-13_part-phase_T2starw']",W:\MinMo_CI\niftis\Min-Mo-001 to 005\Min-Mo-002\DICOM\00009B90\AA952F2D\AA104D4D\000001BF\000001BF_ax_swi_ge3d_20251001000000_13_ph.nii.gz
0000064C,Min-Mo-002,3.0,2D,*tse2d1_17,5.0,0.086,5.52,150,17.0,4.0,38.614,193,"[0.991853, 0.111443, -0.0617057, -0.102323, 0.985526, 0.135158]","['anat', '_acq-tse2p4_run-3_T2w']",W:\MinMo_CI\niftis\Min-Mo-001 to 005\Min-Mo-002\DICOM\00009B90\AA952F2D\AA104D4D\0000064C\0000064C_ax_t2_tse_Med_DRS_480_20251001000000_3.nii.gz
00000D63,Min-Mo-002,3.0,3D,*swi3d1r,1.6,0.02,0.028,15,,2.0,245.645,119,"[0.991853, 0.111443, -0.0617057, -0.102323, 0.985526, 0.135158]","['anat', '_acq-swi3p2_run-12_part-mag_T2starw']",W:\MinMo_CI\niftis\Min-Mo-001 to 005\Min-Mo-002\DICOM\00009B90\AA952F2D\AA104D4D\00000D63\00000D63_ax_swi_ge3d_20251001000000_12.nii.gz
00002BB5,Min-Mo-002,3.0,3D,*spcR_42ns,1.0,0.022,0.7,120,27.0,2.0,305.2,630,"[0.995708, 0.092252, -0.0074816, -0.0905623, 0.987766, 0.12695]","['derived', '_acq-spcR4p2_run-9_T2w']",W:\MinMo_CI\niftis\Min-Mo-001 to 005\Min-Mo-002\DICOM\00009B90\AA952F2D\AA104D4D\00002BB5\00002BB5_20251001000000_9.nii.gz
00002CCC,Min-Mo-002,3.0,3D,*swi3d1r,12.8,0.02,0.028,15,,2.0,,119,"[0.991853, 0.111443, -0.0617057, -0.102323, 0.985526, 0.135158]","['derived', '_acq-swi3p2_run-15_part-mag_T2starw']",W:\MinMo_CI\niftis\Min-Mo-001 to 005\Min-Mo-002\DICOM\00009B90\AA952F2D\AA104D4D\00002CCC\00002CCC_ax_swi_ge3d_20251001000000_15.nii.gz
000050CE,Min-Mo-002,3.0,2D,*tse2d1_17,5.0,0.088,5.52,150,17.0,2.0,182.139,191,"[0.99186, 0.11138, -0.0617144, -0.10226, 0.985534, 0.135154]","['anat', '_acq-tse2p2_run-2_T2w']",W:\MinMo_CI\niftis\Min-Mo-001 to 005\Min-Mo-002\DICOM\00009B90\AA952F2D\AA104D4D\000050CE\000050CE_ax_t2_tse_20251001000000_2.nii.gz
00005BAA,Min-Mo-002,3.0,3D,*spcR_42ns,1.0,0.022,0.7,120,27.0,2.0,305.2,630,"[0.991423, 0.130235, -0.0109039, -0.0456701, 0.267074, -0.962593]","['derived', '_acq-spcR4p2_run-10_T2w']",W:\MinMo_CI\niftis\Min-Mo-001 to 005\Min-Mo-002\DICOM\00009B90\AA952F2D\AA104D4D\00005BAA\00005BAA_20251001000000_10.nii.gz
000067C3,Min-Mo-002,3.0,3D,*spcR_42ns,3.0,0.022,0.7,120,27.0,2.0,305.2,630,"[0.991163, 0.127718, -0.0358263, -0.125023, 0.989721, 0.0694411]","['derived', '_acq-spcR4p2_run-8_T2w']",W:\MinMo_CI\niftis\Min-Mo-001 to 005\Min-Mo-002\DICOM\00009B90\AA952F2D\AA104D4D\000067C3\000067C3_20251001000000_8.nii.gz
00007108,Min-Mo-002,3.0,2D,*tse2d1_17,5.0,0.088,6.36,150,17.0,2.0,89.009,191,"[0.990225, 0.139475, -0.000671805, -0.0385834, 0.269294, -0.962285]","['anat', '_acq-tse2p2_run-22_T2w']",W:\MinMo_CI\niftis\Min-Mo-001 to 005\Min-Mo-002\DICOM\00009B90\AA952F2D\AA104D4D\00007108\00007108_cor_t2_tse_20251001000000_22.nii.gz
00008B6F,Min-Mo-002,3.0,3D,*swi3d1r,1.6,0.02,0.028,15,,2.0,245.645,119,"[0.991853, 0.111443, -0.0617057, -0.102323, 0.985526, 0.135158]","['anat', '_acq-swi3p2_run-14_part-mag_T2starw']",W:\MinMo_CI\niftis\Min-Mo-001 to 005\Min-Mo-002\DICOM\00009B90\AA952F2D\AA104D4D\00008B6F\00008B6F_ax_swi_ge3d_20251001000000_14.nii.gz
00009717,Min-Mo-002,3.0,3D,*spcR_42ns,1.0,0.022,0.7,120,27.0,2.0,305.2,630,"[-0.147643, 0.976623, 0.156236, -0.106553, 0.141341, -0.98421]","['anat', '_acq-spcR4p2_run-6_T2w']",W:\MinMo_CI\niftis\Min-Mo-001 to 005\Min-Mo-002\DICOM\00009B90\AA952F2D\AA104D4D\00009717\00009717_t1_space_sag_20251001000000_6.nii.gz
00009D25,Min-Mo-002,3.0,3D,*spcR_42ns,3.0,0.022,0.7,120,27.0,2.0,305.2,630,"[0.98912, 0.146672, 0.0113875, -0.0282299, 0.265204, -0.963779]","['derived', '_acq-spcR4p2_run-7_T2w']",W:\MinMo_CI\niftis\Min-Mo-001 to 005\Min-Mo-002\DICOM\00009B90\AA952F2D\AA104D4D\00009D25\00009D25_20251001000000_7.nii.gz
0000A952,Min-Mo-002,3.0,2D,*tse2d1_17,5.0,0.088,6.36,150,17.0,2.0,89.012,191,"[0.990225, 0.139475, -0.000671805, -0.0385834, 0.269294, -0.962285]","['anat', '_acq-tse2p2_run-23_T2w']",W:\MinMo_CI\niftis\Min-Mo-001 to 005\Min-Mo-002\DICOM\00009B90\AA952F2D\AA104D4D\0000A952\0000A952_cor_t2_tse_RPT_20251001000000_23.nii.gz
0000D9CF,Min-Mo-002,3.0,3D,*spcir_220ns,1.0,0.392,7.0,120,219.0,3.0,238.22,651,"[-0.147643, 0.976623, 0.156236, -0.106553, 0.141341, -0.98421]","['func', '_acq-spcir2p3_dir-RL_run-11_bold']",W:\MinMo_CI\niftis\Min-Mo-001 to 005\Min-Mo-002\DICOM\00009B90\AA952F2D\AA104D4D\0000D9CF\0000D9CF_sag_t2_spc_flair_fs_20251001000000_11.nii.gz
00009509,Min-Mo-001,3.0,2D,*tse2d1_17,5.0,0.088,5.52,150,17.0,2.0,182.139,191,"[0.995656, 0.0444229, 0.081825, -0.0590107, 0.980864, 0.185537]","['anat', '_acq-tse2p2_run-2_T2w']",W:\MinMo_CI\niftis\Min-Mo-001 to 005\Min-Mo-001\DICOM\00006527\AA3F4F63\AACCC5A7\00009509\00009509_ax_t2_tse_20250924000000_2.nii.gz
0000C351,Min-Mo-001,3.0,2D,*tse2d1_17,5.0,0.086,5.52,150,17.0,4.0,38.614,193,"[0.995658, 0.0443913, 0.081819, -0.0589786, 0.980865, 0.18554]","['anat', '_acq-tse2p4_run-3_T2w']",W:\MinMo_CI\niftis\Min-Mo-001 to 005\Min-Mo-001\DICOM\00006527\AA3F4F63\AACCC5A7\0000C351\0000C351_ax_t2_tse_Med_DRS_480_20250924000000_3.nii.gz
